"source","target","ligand","receptor","prob","pval","interaction_name","interaction_name_2","pathway_name","annotation","evidence"
"mregDC","Macrophages (C1q+Trem2+ TAM)","Ccl5","Ccr1",0.0105640399797869,0,"CCL5_CCR1","Ccl5  - Ccr1","CCL","Secreted Signaling","KEGG: mmu04060"
"NK cells","Macrophages (C1q+Trem2+ TAM)","Ccl5","Ccr1",0.0195435503213328,0,"CCL5_CCR1","Ccl5  - Ccr1","CCL","Secreted Signaling","KEGG: mmu04060"
"mregDC","Neutrophils (Ccl3+)","Ccl5","Ccr1",0.0556895583747111,0,"CCL5_CCR1","Ccl5  - Ccr1","CCL","Secreted Signaling","KEGG: mmu04060"
"NK cells","Neutrophils (Ccl3+)","Ccl5","Ccr1",0.0991811737757812,0,"CCL5_CCR1","Ccl5  - Ccr1","CCL","Secreted Signaling","KEGG: mmu04060"
"mregDC","Neutrophils (immature)","Ccl5","Ccr1",0.121661834712182,0,"CCL5_CCR1","Ccl5  - Ccr1","CCL","Secreted Signaling","KEGG: mmu04060"
"NK cells","Neutrophils (immature)","Ccl5","Ccr1",0.205465223979999,0,"CCL5_CCR1","Ccl5  - Ccr1","CCL","Secreted Signaling","KEGG: mmu04060"
"mregDC","Neutrophils (mature)","Ccl5","Ccr1",0.130351544366157,0,"CCL5_CCR1","Ccl5  - Ccr1","CCL","Secreted Signaling","KEGG: mmu04060"
"NK cells","Neutrophils (mature)","Ccl5","Ccr1",0.218650548157203,0,"CCL5_CCR1","Ccl5  - Ccr1","CCL","Secreted Signaling","KEGG: mmu04060"
"mregDC","Neutrophils (Siglecf+ TAN)","Ccl5","Ccr1",0.122116302823576,0,"CCL5_CCR1","Ccl5  - Ccr1","CCL","Secreted Signaling","KEGG: mmu04060"
"NK cells","Neutrophils (Siglecf+ TAN)","Ccl5","Ccr1",0.20615926282373,0,"CCL5_CCR1","Ccl5  - Ccr1","CCL","Secreted Signaling","KEGG: mmu04060"
"Neutrophils (Ccl3+)","Macrophages (C1q+Trem2+ TAM)","Ccl3","Ccr1",0.0157912509314979,0,"CCL3_CCR1","Ccl3  - Ccr1","CCL","Secreted Signaling","KEGG: mmu04060"
"Neutrophils (Ccl3+)","Neutrophils (Ccl3+)","Ccl3","Ccr1",0.0814082622660696,0,"CCL3_CCR1","Ccl3  - Ccr1","CCL","Secreted Signaling","KEGG: mmu04060"
"Neutrophils (Ccl3+)","Neutrophils (immature)","Ccl3","Ccr1",0.172289246826646,0,"CCL3_CCR1","Ccl3  - Ccr1","CCL","Secreted Signaling","KEGG: mmu04060"
"Neutrophils (Ccl3+)","Neutrophils (mature)","Ccl3","Ccr1",0.183838173521851,0,"CCL3_CCR1","Ccl3  - Ccr1","CCL","Secreted Signaling","KEGG: mmu04060"
"Neutrophils (Ccl3+)","Neutrophils (Siglecf+ TAN)","Ccl3","Ccr1",0.17289560686263,0,"CCL3_CCR1","Ccl3  - Ccr1","CCL","Secreted Signaling","KEGG: mmu04060"
"Macrophages (C1q+Trem2+ TAM)","Macrophages (C1q+Trem2+ TAM)","Ccl9","Ccr1",0.00220199115621079,0,"CCL9_CCR1","Ccl9  - Ccr1","CCL","Secreted Signaling","KEGG: mmu04060"
"Monocytes","Macrophages (C1q+Trem2+ TAM)","Ccl9","Ccr1",0.00233712602725838,0,"CCL9_CCR1","Ccl9  - Ccr1","CCL","Secreted Signaling","KEGG: mmu04060"
"Macrophages (C1q+Trem2+ TAM)","Neutrophils (Ccl3+)","Ccl9","Ccr1",0.0120428063102478,0,"CCL9_CCR1","Ccl9  - Ccr1","CCL","Secreted Signaling","KEGG: mmu04060"
"Monocytes","Neutrophils (Ccl3+)","Ccl9","Ccr1",0.0127741344375395,0,"CCL9_CCR1","Ccl9  - Ccr1","CCL","Secreted Signaling","KEGG: mmu04060"
"Macrophages (C1q+Trem2+ TAM)","Neutrophils (immature)","Ccl9","Ccr1",0.0278332526125172,0,"CCL9_CCR1","Ccl9  - Ccr1","CCL","Secreted Signaling","KEGG: mmu04060"
"Monocytes","Neutrophils (immature)","Ccl9","Ccr1",0.029494865487513,0,"CCL9_CCR1","Ccl9  - Ccr1","CCL","Secreted Signaling","KEGG: mmu04060"
"Macrophages (C1q+Trem2+ TAM)","Neutrophils (mature)","Ccl9","Ccr1",0.0300505311082392,0,"CCL9_CCR1","Ccl9  - Ccr1","CCL","Secreted Signaling","KEGG: mmu04060"
"Monocytes","Neutrophils (mature)","Ccl9","Ccr1",0.0318401776189076,0,"CCL9_CCR1","Ccl9  - Ccr1","CCL","Secreted Signaling","KEGG: mmu04060"
"Macrophages (C1q+Trem2+ TAM)","Neutrophils (Siglecf+ TAN)","Ccl9","Ccr1",0.027948376477436,0,"CCL9_CCR1","Ccl9  - Ccr1","CCL","Secreted Signaling","KEGG: mmu04060"
"Monocytes","Neutrophils (Siglecf+ TAN)","Ccl9","Ccr1",0.0296166527377551,0,"CCL9_CCR1","Ccl9  - Ccr1","CCL","Secreted Signaling","KEGG: mmu04060"
"Alveolar macrophages","Macrophages (C1q+Trem2+ TAM)","Ccl6","Ccr1",0.0143365523815104,0,"CCL6_CCR1","Ccl6  - Ccr1","CCL","Secreted Signaling","KEGG: mmu04060"
"Macrophages (C1q+Trem2+ TAM)","Macrophages (C1q+Trem2+ TAM)","Ccl6","Ccr1",0.00792226537410162,0.04,"CCL6_CCR1","Ccl6  - Ccr1","CCL","Secreted Signaling","KEGG: mmu04060"
"Neutrophils (immature)","Macrophages (C1q+Trem2+ TAM)","Ccl6","Ccr1",0.0168017288939944,0,"CCL6_CCR1","Ccl6  - Ccr1","CCL","Secreted Signaling","KEGG: mmu04060"
"Neutrophils (mature)","Macrophages (C1q+Trem2+ TAM)","Ccl6","Ccr1",0.0136022080765518,0,"CCL6_CCR1","Ccl6  - Ccr1","CCL","Secreted Signaling","KEGG: mmu04060"
"Alveolar macrophages","Neutrophils (Ccl3+)","Ccl6","Ccr1",0.074365617512833,0,"CCL6_CCR1","Ccl6  - Ccr1","CCL","Secreted Signaling","KEGG: mmu04060"
"Macrophages (C1q+Trem2+ TAM)","Neutrophils (Ccl3+)","Ccl6","Ccr1",0.0422449471600805,0,"CCL6_CCR1","Ccl6  - Ccr1","CCL","Secreted Signaling","KEGG: mmu04060"
"Monocytes","Neutrophils (Ccl3+)","Ccl6","Ccr1",0.0404216435673526,0,"CCL6_CCR1","Ccl6  - Ccr1","CCL","Secreted Signaling","KEGG: mmu04060"
"Neutrophils (Ccl3+)","Neutrophils (Ccl3+)","Ccl6","Ccr1",0.0159567747454793,0,"CCL6_CCR1","Ccl6  - Ccr1","CCL","Secreted Signaling","KEGG: mmu04060"
"Neutrophils (immature)","Neutrophils (Ccl3+)","Ccl6","Ccr1",0.0862495987768553,0,"CCL6_CCR1","Ccl6  - Ccr1","CCL","Secreted Signaling","KEGG: mmu04060"
"Neutrophils (mature)","Neutrophils (Ccl3+)","Ccl6","Ccr1",0.0707772664204218,0,"CCL6_CCR1","Ccl6  - Ccr1","CCL","Secreted Signaling","KEGG: mmu04060"
"Neutrophils (Siglecf+ TAN)","Neutrophils (Ccl3+)","Ccl6","Ccr1",0.00786573632680496,0,"CCL6_CCR1","Ccl6  - Ccr1","CCL","Secreted Signaling","KEGG: mmu04060"
"Alveolar macrophages","Neutrophils (immature)","Ccl6","Ccr1",0.158743136365001,0,"CCL6_CCR1","Ccl6  - Ccr1","CCL","Secreted Signaling","KEGG: mmu04060"
"Macrophages (C1q+Trem2+ TAM)","Neutrophils (immature)","Ccl6","Ccr1",0.0938734541820698,0,"CCL6_CCR1","Ccl6  - Ccr1","CCL","Secreted Signaling","KEGG: mmu04060"
"Monocytes","Neutrophils (immature)","Ccl6","Ccr1",0.0900313156650595,0,"CCL6_CCR1","Ccl6  - Ccr1","CCL","Secreted Signaling","KEGG: mmu04060"
"Neutrophils (Ccl3+)","Neutrophils (immature)","Ccl6","Ccr1",0.0366886101007731,0,"CCL6_CCR1","Ccl6  - Ccr1","CCL","Secreted Signaling","KEGG: mmu04060"
"Neutrophils (immature)","Neutrophils (immature)","Ccl6","Ccr1",0.181467568396417,0,"CCL6_CCR1","Ccl6  - Ccr1","CCL","Secreted Signaling","KEGG: mmu04060"
"Neutrophils (mature)","Neutrophils (immature)","Ccl6","Ccr1",0.151750815950587,0,"CCL6_CCR1","Ccl6  - Ccr1","CCL","Secreted Signaling","KEGG: mmu04060"
"Neutrophils (Siglecf+ TAN)","Neutrophils (immature)","Ccl6","Ccr1",0.0182805788635838,0,"CCL6_CCR1","Ccl6  - Ccr1","CCL","Secreted Signaling","KEGG: mmu04060"
"Alveolar macrophages","Neutrophils (mature)","Ccl6","Ccr1",0.169570061375347,0,"CCL6_CCR1","Ccl6  - Ccr1","CCL","Secreted Signaling","KEGG: mmu04060"
"Macrophages (C1q+Trem2+ TAM)","Neutrophils (mature)","Ccl6","Ccr1",0.100806168301152,0,"CCL6_CCR1","Ccl6  - Ccr1","CCL","Secreted Signaling","KEGG: mmu04060"
"Monocytes","Neutrophils (mature)","Ccl6","Ccr1",0.0967105656979945,0,"CCL6_CCR1","Ccl6  - Ccr1","CCL","Secreted Signaling","KEGG: mmu04060"
"Neutrophils (Ccl3+)","Neutrophils (mature)","Ccl6","Ccr1",0.0395826095816907,0,"CCL6_CCR1","Ccl6  - Ccr1","CCL","Secreted Signaling","KEGG: mmu04060"
"Neutrophils (immature)","Neutrophils (mature)","Ccl6","Ccr1",0.193487917258384,0,"CCL6_CCR1","Ccl6  - Ccr1","CCL","Secreted Signaling","KEGG: mmu04060"
"Neutrophils (mature)","Neutrophils (mature)","Ccl6","Ccr1",0.162192782710603,0,"CCL6_CCR1","Ccl6  - Ccr1","CCL","Secreted Signaling","KEGG: mmu04060"
"Neutrophils (Siglecf+ TAN)","Neutrophils (mature)","Ccl6","Ccr1",0.0197523251166249,0,"CCL6_CCR1","Ccl6  - Ccr1","CCL","Secreted Signaling","KEGG: mmu04060"
"Alveolar macrophages","Neutrophils (Siglecf+ TAN)","Ccl6","Ccr1",0.15931099782239,0,"CCL6_CCR1","Ccl6  - Ccr1","CCL","Secreted Signaling","KEGG: mmu04060"
"Macrophages (C1q+Trem2+ TAM)","Neutrophils (Siglecf+ TAN)","Ccl6","Ccr1",0.0942352556136347,0,"CCL6_CCR1","Ccl6  - Ccr1","CCL","Secreted Signaling","KEGG: mmu04060"
"Monocytes","Neutrophils (Siglecf+ TAN)","Ccl6","Ccr1",0.090379785965375,0,"CCL6_CCR1","Ccl6  - Ccr1","CCL","Secreted Signaling","KEGG: mmu04060"
"Neutrophils (Ccl3+)","Neutrophils (Siglecf+ TAN)","Ccl6","Ccr1",0.0368389735329546,0,"CCL6_CCR1","Ccl6  - Ccr1","CCL","Secreted Signaling","KEGG: mmu04060"
"Neutrophils (immature)","Neutrophils (Siglecf+ TAN)","Ccl6","Ccr1",0.182099124247589,0,"CCL6_CCR1","Ccl6  - Ccr1","CCL","Secreted Signaling","KEGG: mmu04060"
"Neutrophils (mature)","Neutrophils (Siglecf+ TAN)","Ccl6","Ccr1",0.152298192533501,0,"CCL6_CCR1","Ccl6  - Ccr1","CCL","Secreted Signaling","KEGG: mmu04060"
"Neutrophils (Siglecf+ TAN)","Neutrophils (Siglecf+ TAN)","Ccl6","Ccr1",0.0183569370518899,0,"CCL6_CCR1","Ccl6  - Ccr1","CCL","Secreted Signaling","KEGG: mmu04060"
"Alveolar macrophages","Monocytes","Ccl6","Ccr2",0.0807107993954243,0,"CCL6_CCR2","Ccl6  - Ccr2","CCL","Secreted Signaling","KEGG: mmu04060"
"Macrophages (C1q+Trem2+ TAM)","Monocytes","Ccl6","Ccr2",0.0459856173790685,0,"CCL6_CCR2","Ccl6  - Ccr2","CCL","Secreted Signaling","KEGG: mmu04060"
"Monocytes","Monocytes","Ccl6","Ccr2",0.0440082838836739,0,"CCL6_CCR2","Ccl6  - Ccr2","CCL","Secreted Signaling","KEGG: mmu04060"
"Neutrophils (Ccl3+)","Monocytes","Ccl6","Ccr2",0.0174120203292853,0,"CCL6_CCR2","Ccl6  - Ccr2","CCL","Secreted Signaling","KEGG: mmu04060"
"Neutrophils (immature)","Monocytes","Ccl6","Ccr2",0.0935063391187635,0,"CCL6_CCR2","Ccl6  - Ccr2","CCL","Secreted Signaling","KEGG: mmu04060"
"Neutrophils (mature)","Monocytes","Ccl6","Ccr2",0.076841692353307,0,"CCL6_CCR2","Ccl6  - Ccr2","CCL","Secreted Signaling","KEGG: mmu04060"
"Neutrophils (Siglecf+ TAN)","Monocytes","Ccl6","Ccr2",0.00858952638817466,0,"CCL6_CCR2","Ccl6  - Ccr2","CCL","Secreted Signaling","KEGG: mmu04060"
"Alveolar macrophages","NK cells","Ccl6","Ccr2",0.0358930875675956,0,"CCL6_CCR2","Ccl6  - Ccr2","CCL","Secreted Signaling","KEGG: mmu04060"
"Macrophages (C1q+Trem2+ TAM)","NK cells","Ccl6","Ccr2",0.0200302287930289,0,"CCL6_CCR2","Ccl6  - Ccr2","CCL","Secreted Signaling","KEGG: mmu04060"
"Monocytes","NK cells","Ccl6","Ccr2",0.0191465512748732,0,"CCL6_CCR2","Ccl6  - Ccr2","CCL","Secreted Signaling","KEGG: mmu04060"
"Neutrophils (Ccl3+)","NK cells","Ccl6","Ccr2",0.00745817665413112,0,"CCL6_CCR2","Ccl6  - Ccr2","CCL","Secreted Signaling","KEGG: mmu04060"
"Neutrophils (immature)","NK cells","Ccl6","Ccr2",0.0419073244243985,0,"CCL6_CCR2","Ccl6  - Ccr2","CCL","Secreted Signaling","KEGG: mmu04060"
"Neutrophils (mature)","NK cells","Ccl6","Ccr2",0.0340927698759208,0,"CCL6_CCR2","Ccl6  - Ccr2","CCL","Secreted Signaling","KEGG: mmu04060"
"Neutrophils (Siglecf+ TAN)","NK cells","Ccl6","Ccr2",0.00366040581212537,0,"CCL6_CCR2","Ccl6  - Ccr2","CCL","Secreted Signaling","KEGG: mmu04060"
"Neutrophils (Ccl3+)","Alveolar macrophages","Cxcl2","Cxcr2",0.0239024013063956,0.03,"CXCL2_CXCR2","Cxcl2  - Cxcr2","CXCL","Secreted Signaling","KEGG: mmu04060"
"Neutrophils (mature)","Alveolar macrophages","Cxcl2","Cxcr2",0.0199581920562372,0.04,"CXCL2_CXCR2","Cxcl2  - Cxcr2","CXCL","Secreted Signaling","KEGG: mmu04060"
"Neutrophils (Siglecf+ TAN)","Alveolar macrophages","Cxcl2","Cxcr2",0.0271057924323872,0.01,"CXCL2_CXCR2","Cxcl2  - Cxcr2","CXCL","Secreted Signaling","KEGG: mmu04060"
"Neutrophils (Ccl3+)","Neutrophils (Ccl3+)","Cxcl2","Cxcr2",0.0447175704311737,0,"CXCL2_CXCR2","Cxcl2  - Cxcr2","CXCL","Secreted Signaling","KEGG: mmu04060"
"Neutrophils (immature)","Neutrophils (Ccl3+)","Cxcl2","Cxcr2",0.0289660244316498,0,"CXCL2_CXCR2","Cxcl2  - Cxcr2","CXCL","Secreted Signaling","KEGG: mmu04060"
"Neutrophils (mature)","Neutrophils (Ccl3+)","Cxcl2","Cxcr2",0.037470439852993,0,"CXCL2_CXCR2","Cxcl2  - Cxcr2","CXCL","Secreted Signaling","KEGG: mmu04060"
"Neutrophils (Siglecf+ TAN)","Neutrophils (Ccl3+)","Cxcl2","Cxcr2",0.0505660874310291,0,"CXCL2_CXCR2","Cxcl2  - Cxcr2","CXCL","Secreted Signaling","KEGG: mmu04060"
"Neutrophils (Ccl3+)","Neutrophils (immature)","Cxcl2","Cxcr2",0.198677279015854,0,"CXCL2_CXCR2","Cxcl2  - Cxcr2","CXCL","Secreted Signaling","KEGG: mmu04060"
"Neutrophils (immature)","Neutrophils (immature)","Cxcl2","Cxcr2",0.136439894319902,0,"CXCL2_CXCR2","Cxcl2  - Cxcr2","CXCL","Secreted Signaling","KEGG: mmu04060"
"Neutrophils (mature)","Neutrophils (immature)","Cxcl2","Cxcr2",0.170943692117551,0,"CXCL2_CXCR2","Cxcl2  - Cxcr2","CXCL","Secreted Signaling","KEGG: mmu04060"
"Neutrophils (Siglecf+ TAN)","Neutrophils (immature)","Cxcl2","Cxcr2",0.220024051970871,0,"CXCL2_CXCR2","Cxcl2  - Cxcr2","CXCL","Secreted Signaling","KEGG: mmu04060"
"Neutrophils (Ccl3+)","Neutrophils (mature)","Cxcl2","Cxcr2",0.215719502964878,0,"CXCL2_CXCR2","Cxcl2  - Cxcr2","CXCL","Secreted Signaling","KEGG: mmu04060"
"Neutrophils (immature)","Neutrophils (mature)","Cxcl2","Cxcr2",0.14913708433982,0,"CXCL2_CXCR2","Cxcl2  - Cxcr2","CXCL","Secreted Signaling","KEGG: mmu04060"
"Neutrophils (mature)","Neutrophils (mature)","Cxcl2","Cxcr2",0.18615963795257,0,"CXCL2_CXCR2","Cxcl2  - Cxcr2","CXCL","Secreted Signaling","KEGG: mmu04060"
"Neutrophils (Siglecf+ TAN)","Neutrophils (mature)","Cxcl2","Cxcr2",0.238352711662276,0,"CXCL2_CXCR2","Cxcl2  - Cxcr2","CXCL","Secreted Signaling","KEGG: mmu04060"
"Neutrophils (Ccl3+)","Neutrophils (Siglecf+ TAN)","Cxcl2","Cxcr2",0.154495153835575,0,"CXCL2_CXCR2","Cxcl2  - Cxcr2","CXCL","Secreted Signaling","KEGG: mmu04060"
"Neutrophils (immature)","Neutrophils (Siglecf+ TAN)","Cxcl2","Cxcr2",0.104296791202919,0,"CXCL2_CXCR2","Cxcl2  - Cxcr2","CXCL","Secreted Signaling","KEGG: mmu04060"
"Neutrophils (mature)","Neutrophils (Siglecf+ TAN)","Cxcl2","Cxcr2",0.131913717344456,0,"CXCL2_CXCR2","Cxcl2  - Cxcr2","CXCL","Secreted Signaling","KEGG: mmu04060"
"Neutrophils (Siglecf+ TAN)","Neutrophils (Siglecf+ TAN)","Cxcl2","Cxcr2",0.172114427145311,0,"CXCL2_CXCR2","Cxcl2  - Cxcr2","CXCL","Secreted Signaling","KEGG: mmu04060"
"Neutrophils (Ccl3+)","NK cells","Cxcl2","Cxcr2",0.0356157531527556,0,"CXCL2_CXCR2","Cxcl2  - Cxcr2","CXCL","Secreted Signaling","KEGG: mmu04060"
"Neutrophils (immature)","NK cells","Cxcl2","Cxcr2",0.0229931095651316,0.01,"CXCL2_CXCR2","Cxcl2  - Cxcr2","CXCL","Secreted Signaling","KEGG: mmu04060"
"Neutrophils (mature)","NK cells","Cxcl2","Cxcr2",0.0297976924696589,0,"CXCL2_CXCR2","Cxcl2  - Cxcr2","CXCL","Secreted Signaling","KEGG: mmu04060"
"Neutrophils (Siglecf+ TAN)","NK cells","Cxcl2","Cxcr2",0.0403241117575219,0,"CXCL2_CXCR2","Cxcl2  - Cxcr2","CXCL","Secreted Signaling","KEGG: mmu04060"
"Neutrophils (Ccl3+)","Alveolar macrophages","Csf1","Csf1r",0.00595728385802218,0,"CSF1_CSF1R","Csf1  - Csf1r","CSF","Secreted Signaling","KEGG: mmu04060"
"Neutrophils (Siglecf+ TAN)","Alveolar macrophages","Csf1","Csf1r",0.00597173609297361,0,"CSF1_CSF1R","Csf1  - Csf1r","CSF","Secreted Signaling","KEGG: mmu04060"
"Neutrophils (Ccl3+)","Macrophages (C1q+Trem2+ TAM)","Csf1","Csf1r",0.0281493671413707,0,"CSF1_CSF1R","Csf1  - Csf1r","CSF","Secreted Signaling","KEGG: mmu04060"
"Neutrophils (Siglecf+ TAN)","Macrophages (C1q+Trem2+ TAM)","Csf1","Csf1r",0.0282161286755388,0,"CSF1_CSF1R","Csf1  - Csf1r","CSF","Secreted Signaling","KEGG: mmu04060"
"Neutrophils (Ccl3+)","Monocytes","Csf1","Csf1r",0.0437104520586138,0,"CSF1_CSF1R","Csf1  - Csf1r","CSF","Secreted Signaling","KEGG: mmu04060"
"Neutrophils (Siglecf+ TAN)","Monocytes","Csf1","Csf1r",0.0438124558621137,0,"CSF1_CSF1R","Csf1  - Csf1r","CSF","Secreted Signaling","KEGG: mmu04060"
"Neutrophils (Ccl3+)","Neutrophils (mature)","Csf1","Csf1r",0.00706842411916195,0,"CSF1_CSF1R","Csf1  - Csf1r","CSF","Secreted Signaling","KEGG: mmu04060"
"Neutrophils (Siglecf+ TAN)","Neutrophils (mature)","Csf1","Csf1r",0.00708555274079087,0,"CSF1_CSF1R","Csf1  - Csf1r","CSF","Secreted Signaling","KEGG: mmu04060"
"Alveolar macrophages","Alveolar macrophages","Spp1","Cd44",0.0364117436599151,0,"SPP1_CD44","Spp1  - Cd44","SPP1","Secreted Signaling","PMID: 21907263"
"Macrophages (C1q+Trem2+ TAM)","Alveolar macrophages","Spp1","Cd44",0.0496022507324895,0,"SPP1_CD44","Spp1  - Cd44","SPP1","Secreted Signaling","PMID: 21907263"
"Alveolar macrophages","cDC2","Spp1","Cd44",0.0064662287185695,0,"SPP1_CD44","Spp1  - Cd44","SPP1","Secreted Signaling","PMID: 21907263"
"Macrophages (C1q+Trem2+ TAM)","cDC2","Spp1","Cd44",0.00890897982490362,0,"SPP1_CD44","Spp1  - Cd44","SPP1","Secreted Signaling","PMID: 21907263"
"Alveolar macrophages","Macrophages (C1q+Trem2+ TAM)","Spp1","Cd44",0.0100233082388557,0,"SPP1_CD44","Spp1  - Cd44","SPP1","Secreted Signaling","PMID: 21907263"
"Macrophages (C1q+Trem2+ TAM)","Macrophages (C1q+Trem2+ TAM)","Spp1","Cd44",0.0137911667804151,0,"SPP1_CD44","Spp1  - Cd44","SPP1","Secreted Signaling","PMID: 21907263"
"Alveolar macrophages","Monocytes","Spp1","Cd44",0.0127567102811609,0,"SPP1_CD44","Spp1  - Cd44","SPP1","Secreted Signaling","PMID: 21907263"
"Macrophages (C1q+Trem2+ TAM)","Monocytes","Spp1","Cd44",0.0175338824053821,0,"SPP1_CD44","Spp1  - Cd44","SPP1","Secreted Signaling","PMID: 21907263"
"Alveolar macrophages","Neutrophils (Ccl3+)","Spp1","Cd44",0.0343810142679434,0,"SPP1_CD44","Spp1  - Cd44","SPP1","Secreted Signaling","PMID: 21907263"
"Macrophages (C1q+Trem2+ TAM)","Neutrophils (Ccl3+)","Spp1","Cd44",0.0468716540967768,0,"SPP1_CD44","Spp1  - Cd44","SPP1","Secreted Signaling","PMID: 21907263"
"Alveolar macrophages","Neutrophils (immature)","Spp1","Cd44",0.0323865730229989,0,"SPP1_CD44","Spp1  - Cd44","SPP1","Secreted Signaling","PMID: 21907263"
"Macrophages (C1q+Trem2+ TAM)","Neutrophils (immature)","Spp1","Cd44",0.0441857874879335,0,"SPP1_CD44","Spp1  - Cd44","SPP1","Secreted Signaling","PMID: 21907263"
"Alveolar macrophages","Neutrophils (mature)","Spp1","Cd44",0.0419402177894594,0,"SPP1_CD44","Spp1  - Cd44","SPP1","Secreted Signaling","PMID: 21907263"
"Macrophages (C1q+Trem2+ TAM)","Neutrophils (mature)","Spp1","Cd44",0.0570149670217933,0,"SPP1_CD44","Spp1  - Cd44","SPP1","Secreted Signaling","PMID: 21907263"
"Alveolar macrophages","Neutrophils (Siglecf+ TAN)","Spp1","Cd44",0.0344955462231964,0,"SPP1_CD44","Spp1  - Cd44","SPP1","Secreted Signaling","PMID: 21907263"
"Macrophages (C1q+Trem2+ TAM)","Neutrophils (Siglecf+ TAN)","Spp1","Cd44",0.0470257691803028,0,"SPP1_CD44","Spp1  - Cd44","SPP1","Secreted Signaling","PMID: 21907263"
"Alveolar macrophages","NK cells","Spp1","Cd44",0.00582278623409011,0,"SPP1_CD44","Spp1  - Cd44","SPP1","Secreted Signaling","PMID: 21907263"
"Macrophages (C1q+Trem2+ TAM)","NK cells","Spp1","Cd44",0.00802442690804713,0,"SPP1_CD44","Spp1  - Cd44","SPP1","Secreted Signaling","PMID: 21907263"
"Alveolar macrophages","mregDC","Spp1","ITGA4_ITGB1",0.0105361037073014,0,"SPP1_ITGA4_ITGB1","Spp1  - (Itga4+Itgb1)","SPP1","Secreted Signaling","PMID: 21907263"
"Macrophages (C1q+Trem2+ TAM)","mregDC","Spp1","ITGA4_ITGB1",0.0144939048245524,0,"SPP1_ITGA4_ITGB1","Spp1  - (Itga4+Itgb1)","SPP1","Secreted Signaling","PMID: 21907263"
"Alveolar macrophages","NK cells","Spp1","ITGA4_ITGB1",0.011174324919938,0,"SPP1_ITGA4_ITGB1","Spp1  - (Itga4+Itgb1)","SPP1","Secreted Signaling","PMID: 21907263"
"Macrophages (C1q+Trem2+ TAM)","NK cells","Spp1","ITGA4_ITGB1",0.0153681449805225,0,"SPP1_ITGA4_ITGB1","Spp1  - (Itga4+Itgb1)","SPP1","Secreted Signaling","PMID: 21907263"
"Neutrophils (immature)","Alveolar macrophages","Retn","Cap1",0.000754284590090829,0,"RETN_CAP1","Retn  - Cap1","RESISTIN","Secreted Signaling","PMID: 30809105"
"Alveolar macrophages","Alveolar macrophages","Anxa1","Fpr2",0.0055796086030192,0,"ANXA1_FPR2","Anxa1  - Fpr2","ANNEXIN","Secreted Signaling","PMID: 23230437"
"Macrophages (C1q+Trem2+ TAM)","Alveolar macrophages","Anxa1","Fpr2",0.00571931663318716,0,"ANXA1_FPR2","Anxa1  - Fpr2","ANNEXIN","Secreted Signaling","PMID: 23230437"
"Neutrophils (immature)","Alveolar macrophages","Anxa1","Fpr2",0.0244654514747759,0,"ANXA1_FPR2","Anxa1  - Fpr2","ANNEXIN","Secreted Signaling","PMID: 23230437"
"Neutrophils (mature)","Alveolar macrophages","Anxa1","Fpr2",0.00980117766839038,0,"ANXA1_FPR2","Anxa1  - Fpr2","ANNEXIN","Secreted Signaling","PMID: 23230437"
"Alveolar macrophages","Neutrophils (immature)","Anxa1","Fpr2",0.0299002049614968,0,"ANXA1_FPR2","Anxa1  - Fpr2","ANNEXIN","Secreted Signaling","PMID: 23230437"
"Macrophages (C1q+Trem2+ TAM)","Neutrophils (immature)","Anxa1","Fpr2",0.0306301200118696,0,"ANXA1_FPR2","Anxa1  - Fpr2","ANNEXIN","Secreted Signaling","PMID: 23230437"
"Neutrophils (immature)","Neutrophils (immature)","Anxa1","Fpr2",0.121082831045092,0,"ANXA1_FPR2","Anxa1  - Fpr2","ANNEXIN","Secreted Signaling","PMID: 23230437"
"Neutrophils (mature)","Neutrophils (immature)","Anxa1","Fpr2",0.051568653785727,0,"ANXA1_FPR2","Anxa1  - Fpr2","ANNEXIN","Secreted Signaling","PMID: 23230437"
"Alveolar macrophages","Neutrophils (mature)","Anxa1","Fpr2",0.00679914161952021,0,"ANXA1_FPR2","Anxa1  - Fpr2","ANNEXIN","Secreted Signaling","PMID: 23230437"
"Macrophages (C1q+Trem2+ TAM)","Neutrophils (mature)","Anxa1","Fpr2",0.00696917157864857,0,"ANXA1_FPR2","Anxa1  - Fpr2","ANNEXIN","Secreted Signaling","PMID: 23230437"
"Neutrophils (immature)","Neutrophils (mature)","Anxa1","Fpr2",0.0296896137127428,0,"ANXA1_FPR2","Anxa1  - Fpr2","ANNEXIN","Secreted Signaling","PMID: 23230437"
"Neutrophils (mature)","Neutrophils (mature)","Anxa1","Fpr2",0.0119323456620635,0,"ANXA1_FPR2","Anxa1  - Fpr2","ANNEXIN","Secreted Signaling","PMID: 23230437"
"Alveolar macrophages","Neutrophils (Siglecf+ TAN)","Anxa1","Fpr2",0.00532975672643929,0,"ANXA1_FPR2","Anxa1  - Fpr2","ANNEXIN","Secreted Signaling","PMID: 23230437"
"Macrophages (C1q+Trem2+ TAM)","Neutrophils (Siglecf+ TAN)","Anxa1","Fpr2",0.00546324307614647,0,"ANXA1_FPR2","Anxa1  - Fpr2","ANNEXIN","Secreted Signaling","PMID: 23230437"
"Neutrophils (immature)","Neutrophils (Siglecf+ TAN)","Anxa1","Fpr2",0.0233897933844868,0,"ANXA1_FPR2","Anxa1  - Fpr2","ANNEXIN","Secreted Signaling","PMID: 23230437"
"Neutrophils (mature)","Neutrophils (Siglecf+ TAN)","Anxa1","Fpr2",0.00936406630799138,0,"ANXA1_FPR2","Anxa1  - Fpr2","ANNEXIN","Secreted Signaling","PMID: 23230437"
"Alveolar macrophages","Neutrophils (immature)","Anxa1","Fpr1",0.00430627465341652,0,"ANXA1_FPR1","Anxa1  - Fpr1","ANNEXIN","Secreted Signaling","PMID: 23230437"
"Macrophages (C1q+Trem2+ TAM)","Neutrophils (immature)","Anxa1","Fpr1",0.00441424115599318,0,"ANXA1_FPR1","Anxa1  - Fpr1","ANNEXIN","Secreted Signaling","PMID: 23230437"
"Neutrophils (immature)","Neutrophils (immature)","Anxa1","Fpr1",0.0189643349596647,0,"ANXA1_FPR1","Anxa1  - Fpr1","ANNEXIN","Secreted Signaling","PMID: 23230437"
"Neutrophils (mature)","Neutrophils (immature)","Anxa1","Fpr1",0.00757176643189664,0,"ANXA1_FPR1","Anxa1  - Fpr1","ANNEXIN","Secreted Signaling","PMID: 23230437"
"Alveolar macrophages","Alveolar macrophages","Grn","Sort1",0.0317666224331608,0,"GRN_SORT1","Grn  - Sort1","GRN","Secreted Signaling","PMID: 29555433"
"cDC2","Alveolar macrophages","Grn","Sort1",0.024823936453044,0,"GRN_SORT1","Grn  - Sort1","GRN","Secreted Signaling","PMID: 29555433"
"Macrophages (C1q+Trem2+ TAM)","Alveolar macrophages","Grn","Sort1",0.0341251797435251,0,"GRN_SORT1","Grn  - Sort1","GRN","Secreted Signaling","PMID: 29555433"
"Monocytes","Alveolar macrophages","Grn","Sort1",0.00958841903525833,0,"GRN_SORT1","Grn  - Sort1","GRN","Secreted Signaling","PMID: 29555433"
"Neutrophils (Ccl3+)","Alveolar macrophages","Grn","Sort1",0.0107913103834053,0,"GRN_SORT1","Grn  - Sort1","GRN","Secreted Signaling","PMID: 29555433"
"Neutrophils (immature)","Alveolar macrophages","Grn","Sort1",0.00180410176138455,0,"GRN_SORT1","Grn  - Sort1","GRN","Secreted Signaling","PMID: 29555433"
"Neutrophils (Siglecf+ TAN)","Alveolar macrophages","Grn","Sort1",0.00837240767237237,0,"GRN_SORT1","Grn  - Sort1","GRN","Secreted Signaling","PMID: 29555433"
"Macrophages (C1q+Trem2+ TAM)","B cells","Lgals9","Ptprc",0.00634117481579225,0,"LGALS9_CD45","Lgals9  - Cd45","GALECTIN","Secreted Signaling","PMID: 30120235"
"Macrophages (C1q+Trem2+ TAM)","cDC2","Lgals9","Ptprc",0.00505835615564438,0,"LGALS9_CD45","Lgals9  - Cd45","GALECTIN","Secreted Signaling","PMID: 30120235"
"Macrophages (C1q+Trem2+ TAM)","Monocytes","Lgals9","Ptprc",0.00768675018188248,0,"LGALS9_CD45","Lgals9  - Cd45","GALECTIN","Secreted Signaling","PMID: 30120235"
"Macrophages (C1q+Trem2+ TAM)","mregDC","Lgals9","Ptprc",0.00349088083895044,0,"LGALS9_CD45","Lgals9  - Cd45","GALECTIN","Secreted Signaling","PMID: 30120235"
"Macrophages (C1q+Trem2+ TAM)","Neutrophils (Ccl3+)","Lgals9","Ptprc",0.00527770850679336,0,"LGALS9_CD45","Lgals9  - Cd45","GALECTIN","Secreted Signaling","PMID: 30120235"
"Macrophages (C1q+Trem2+ TAM)","Neutrophils (immature)","Lgals9","Ptprc",0.0181224861618703,0,"LGALS9_CD45","Lgals9  - Cd45","GALECTIN","Secreted Signaling","PMID: 30120235"
"Macrophages (C1q+Trem2+ TAM)","Neutrophils (mature)","Lgals9","Ptprc",0.0248311896653998,0,"LGALS9_CD45","Lgals9  - Cd45","GALECTIN","Secreted Signaling","PMID: 30120235"
"Macrophages (C1q+Trem2+ TAM)","Neutrophils (Siglecf+ TAN)","Lgals9","Ptprc",0.018097283140813,0,"LGALS9_CD45","Lgals9  - Cd45","GALECTIN","Secreted Signaling","PMID: 30120235"
"Macrophages (C1q+Trem2+ TAM)","NK cells","Lgals9","Ptprc",0.0309665371163991,0,"LGALS9_CD45","Lgals9  - Cd45","GALECTIN","Secreted Signaling","PMID: 30120235"
"Macrophages (C1q+Trem2+ TAM)","T cells","Lgals9","Ptprc",0.016256247570541,0,"LGALS9_CD45","Lgals9  - Cd45","GALECTIN","Secreted Signaling","PMID: 30120235"
"Macrophages (C1q+Trem2+ TAM)","Alveolar macrophages","Lgals9","Cd44",0.0218690336212952,0,"LGALS9_CD44","Lgals9  - Cd44","GALECTIN","Secreted Signaling","PMID: 25065622"
"Macrophages (C1q+Trem2+ TAM)","cDC2","Lgals9","Cd44",0.00383602884588912,0,"LGALS9_CD44","Lgals9  - Cd44","GALECTIN","Secreted Signaling","PMID: 25065622"
"Macrophages (C1q+Trem2+ TAM)","Macrophages (C1q+Trem2+ TAM)","Lgals9","Cd44",0.00595490461060385,0,"LGALS9_CD44","Lgals9  - Cd44","GALECTIN","Secreted Signaling","PMID: 25065622"
"Macrophages (C1q+Trem2+ TAM)","Monocytes","Lgals9","Cd44",0.0075873375294697,0,"LGALS9_CD44","Lgals9  - Cd44","GALECTIN","Secreted Signaling","PMID: 25065622"
"Macrophages (C1q+Trem2+ TAM)","Neutrophils (Ccl3+)","Lgals9","Cd44",0.0206320034782209,0,"LGALS9_CD44","Lgals9  - Cd44","GALECTIN","Secreted Signaling","PMID: 25065622"
"Macrophages (C1q+Trem2+ TAM)","Neutrophils (immature)","Lgals9","Cd44",0.0194191020508023,0,"LGALS9_CD44","Lgals9  - Cd44","GALECTIN","Secreted Signaling","PMID: 25065622"
"Macrophages (C1q+Trem2+ TAM)","Neutrophils (mature)","Lgals9","Cd44",0.0252473104149848,0,"LGALS9_CD44","Lgals9  - Cd44","GALECTIN","Secreted Signaling","PMID: 25065622"
"Macrophages (C1q+Trem2+ TAM)","Neutrophils (Siglecf+ TAN)","Lgals9","Cd44",0.0207017158894954,0,"LGALS9_CD44","Lgals9  - Cd44","GALECTIN","Secreted Signaling","PMID: 25065622"
"Macrophages (C1q+Trem2+ TAM)","NK cells","Lgals9","Cd44",0.00345340296692535,0,"LGALS9_CD44","Lgals9  - Cd44","GALECTIN","Secreted Signaling","PMID: 25065622"
"Macrophages (C1q+Trem2+ TAM)","Alveolar macrophages","Lgals9","P4hb",0.00494033591540133,0,"LGALS9_P4HB","Lgals9 - P4hb","GALECTIN","Secreted Signaling","PMID:21670307;uniprot"
"Macrophages (C1q+Trem2+ TAM)","cDC2","Lgals9","P4hb",0.00497177307926587,0,"LGALS9_P4HB","Lgals9 - P4hb","GALECTIN","Secreted Signaling","PMID:21670307;uniprot"
"Macrophages (C1q+Trem2+ TAM)","Macrophages (C1q+Trem2+ TAM)","Lgals9","P4hb",0.00444766830642241,0,"LGALS9_P4HB","Lgals9 - P4hb","GALECTIN","Secreted Signaling","PMID:21670307;uniprot"
"Macrophages (C1q+Trem2+ TAM)","Monocytes","Lgals9","P4hb",0.00317476178425743,0,"LGALS9_P4HB","Lgals9 - P4hb","GALECTIN","Secreted Signaling","PMID:21670307;uniprot"
"Macrophages (C1q+Trem2+ TAM)","Neutrophils (Siglecf+ TAN)","Lgals9","P4hb",0.00529395953476367,0,"LGALS9_P4HB","Lgals9 - P4hb","GALECTIN","Secreted Signaling","PMID:21670307;uniprot"
"Alveolar macrophages","mregDC","Fn1","ITGA4_ITGB1",0.0113430641758076,0,"FN1_ITGA4_ITGB1","Fn1  - (Itga4+Itgb1)","FN1","ECM-Receptor","KEGG: mmu04512"
"Macrophages (C1q+Trem2+ TAM)","mregDC","Fn1","ITGA4_ITGB1",0.0119122362770342,0,"FN1_ITGA4_ITGB1","Fn1  - (Itga4+Itgb1)","FN1","ECM-Receptor","KEGG: mmu04512"
"Monocytes","mregDC","Fn1","ITGA4_ITGB1",0.015070410063185,0,"FN1_ITGA4_ITGB1","Fn1  - (Itga4+Itgb1)","FN1","ECM-Receptor","KEGG: mmu04512"
"Alveolar macrophages","NK cells","Fn1","ITGA4_ITGB1",0.0120295724848815,0,"FN1_ITGA4_ITGB1","Fn1  - (Itga4+Itgb1)","FN1","ECM-Receptor","KEGG: mmu04512"
"Macrophages (C1q+Trem2+ TAM)","NK cells","Fn1","ITGA4_ITGB1",0.0126327520287664,0,"FN1_ITGA4_ITGB1","Fn1  - (Itga4+Itgb1)","FN1","ECM-Receptor","KEGG: mmu04512"
"Monocytes","NK cells","Fn1","ITGA4_ITGB1",0.0159788599220549,0,"FN1_ITGA4_ITGB1","Fn1  - (Itga4+Itgb1)","FN1","ECM-Receptor","KEGG: mmu04512"
"Alveolar macrophages","Alveolar macrophages","Fn1","Cd44",0.039122161575831,0,"FN1_CD44","Fn1  - Cd44","FN1","ECM-Receptor","KEGG: mmu04512"
"Macrophages (C1q+Trem2+ TAM)","Alveolar macrophages","Fn1","Cd44",0.0410273886314614,0,"FN1_CD44","Fn1  - Cd44","FN1","ECM-Receptor","KEGG: mmu04512"
"Monocytes","Alveolar macrophages","Fn1","Cd44",0.0515022365638124,0,"FN1_CD44","Fn1  - Cd44","FN1","ECM-Receptor","KEGG: mmu04512"
"Alveolar macrophages","cDC2","Fn1","Cd44",0.00696367112390541,0,"FN1_CD44","Fn1  - Cd44","FN1","ECM-Receptor","KEGG: mmu04512"
"Macrophages (C1q+Trem2+ TAM)","cDC2","Fn1","Cd44",0.00731471995268562,0,"FN1_CD44","Fn1  - Cd44","FN1","ECM-Receptor","KEGG: mmu04512"
"Monocytes","cDC2","Fn1","Cd44",0.00926542928466596,0,"FN1_CD44","Fn1  - Cd44","FN1","ECM-Receptor","KEGG: mmu04512"
"Alveolar macrophages","Macrophages (C1q+Trem2+ TAM)","Fn1","Cd44",0.0107914220349409,0,"FN1_CD44","Fn1  - Cd44","FN1","ECM-Receptor","KEGG: mmu04512"
"Macrophages (C1q+Trem2+ TAM)","Macrophages (C1q+Trem2+ TAM)","Fn1","Cd44",0.0113332311515978,0,"FN1_CD44","Fn1  - Cd44","FN1","ECM-Receptor","KEGG: mmu04512"
"Monocytes","Macrophages (C1q+Trem2+ TAM)","Fn1","Cd44",0.0143401268489104,0,"FN1_CD44","Fn1  - Cd44","FN1","ECM-Receptor","KEGG: mmu04512"
"Alveolar macrophages","Monocytes","Fn1","Cd44",0.0137313868157835,0,"FN1_CD44","Fn1  - Cd44","FN1","ECM-Receptor","KEGG: mmu04512"
"Macrophages (C1q+Trem2+ TAM)","Monocytes","Fn1","Cd44",0.014418652360057,0,"FN1_CD44","Fn1  - Cd44","FN1","ECM-Receptor","KEGG: mmu04512"
"Monocytes","Monocytes","Fn1","Cd44",0.0182290682601462,0,"FN1_CD44","Fn1  - Cd44","FN1","ECM-Receptor","KEGG: mmu04512"
"Alveolar macrophages","Neutrophils (Ccl3+)","Fn1","Cd44",0.036946064654435,0,"FN1_CD44","Fn1  - Cd44","FN1","ECM-Receptor","KEGG: mmu04512"
"Macrophages (C1q+Trem2+ TAM)","Neutrophils (Ccl3+)","Fn1","Cd44",0.0387495906964482,0,"FN1_CD44","Fn1  - Cd44","FN1","ECM-Receptor","KEGG: mmu04512"
"Monocytes","Neutrophils (Ccl3+)","Fn1","Cd44",0.0486724025210496,0,"FN1_CD44","Fn1  - Cd44","FN1","ECM-Receptor","KEGG: mmu04512"
"Alveolar macrophages","Neutrophils (immature)","Fn1","Cd44",0.0348081887592023,0,"FN1_CD44","Fn1  - Cd44","FN1","ECM-Receptor","KEGG: mmu04512"
"Macrophages (C1q+Trem2+ TAM)","Neutrophils (immature)","Fn1","Cd44",0.0365113106855054,0,"FN1_CD44","Fn1  - Cd44","FN1","ECM-Receptor","KEGG: mmu04512"
"Monocytes","Neutrophils (immature)","Fn1","Cd44",0.0458883163436933,0,"FN1_CD44","Fn1  - Cd44","FN1","ECM-Receptor","KEGG: mmu04512"
"Alveolar macrophages","Neutrophils (mature)","Fn1","Cd44",0.0450429274409672,0,"FN1_CD44","Fn1  - Cd44","FN1","ECM-Receptor","KEGG: mmu04512"
"Macrophages (C1q+Trem2+ TAM)","Neutrophils (mature)","Fn1","Cd44",0.047222322070419,0,"FN1_CD44","Fn1  - Cd44","FN1","ECM-Receptor","KEGG: mmu04512"
"Monocytes","Neutrophils (mature)","Fn1","Cd44",0.0591812117908608,0,"FN1_CD44","Fn1  - Cd44","FN1","ECM-Receptor","KEGG: mmu04512"
"Alveolar macrophages","Neutrophils (Siglecf+ TAN)","Fn1","Cd44",0.0370688134239439,0,"FN1_CD44","Fn1  - Cd44","FN1","ECM-Receptor","KEGG: mmu04512"
"Macrophages (C1q+Trem2+ TAM)","Neutrophils (Siglecf+ TAN)","Fn1","Cd44",0.0388780895657565,0,"FN1_CD44","Fn1  - Cd44","FN1","ECM-Receptor","KEGG: mmu04512"
"Monocytes","Neutrophils (Siglecf+ TAN)","Fn1","Cd44",0.0488321351583037,0,"FN1_CD44","Fn1  - Cd44","FN1","ECM-Receptor","KEGG: mmu04512"
"Alveolar macrophages","NK cells","Fn1","Cd44",0.00627104149800901,0,"FN1_CD44","Fn1  - Cd44","FN1","ECM-Receptor","KEGG: mmu04512"
"Macrophages (C1q+Trem2+ TAM)","NK cells","Fn1","Cd44",0.00658740547795155,0,"FN1_CD44","Fn1  - Cd44","FN1","ECM-Receptor","KEGG: mmu04512"
"Monocytes","NK cells","Fn1","Cd44",0.00834578331009059,0,"FN1_CD44","Fn1  - Cd44","FN1","ECM-Receptor","KEGG: mmu04512"
"Neutrophils (Ccl3+)","Alveolar macrophages","Thbs1","Cd47",0.104053839890392,0,"THBS1_CD47","Thbs1  - Cd47","THBS","ECM-Receptor","KEGG: mmu04512"
"Neutrophils (immature)","Alveolar macrophages","Thbs1","Cd47",0.0422441725851085,0,"THBS1_CD47","Thbs1  - Cd47","THBS","ECM-Receptor","KEGG: mmu04512"
"Neutrophils (Ccl3+)","B cells","Thbs1","Cd47",0.0358140248898023,0,"THBS1_CD47","Thbs1  - Cd47","THBS","ECM-Receptor","KEGG: mmu04512"
"Neutrophils (immature)","B cells","Thbs1","Cd47",0.0139105543550628,0,"THBS1_CD47","Thbs1  - Cd47","THBS","ECM-Receptor","KEGG: mmu04512"
"Neutrophils (Ccl3+)","cDC2","Thbs1","Cd47",0.0862199187921308,0,"THBS1_CD47","Thbs1  - Cd47","THBS","ECM-Receptor","KEGG: mmu04512"
"Neutrophils (immature)","cDC2","Thbs1","Cd47",0.0345948413793831,0,"THBS1_CD47","Thbs1  - Cd47","THBS","ECM-Receptor","KEGG: mmu04512"
"Neutrophils (Ccl3+)","Macrophages (C1q+Trem2+ TAM)","Thbs1","Cd47",0.0247337244712965,0,"THBS1_CD47","Thbs1  - Cd47","THBS","ECM-Receptor","KEGG: mmu04512"
"Neutrophils (immature)","Macrophages (C1q+Trem2+ TAM)","Thbs1","Cd47",0.00953979731957844,0,"THBS1_CD47","Thbs1  - Cd47","THBS","ECM-Receptor","KEGG: mmu04512"
"Neutrophils (Ccl3+)","Monocytes","Thbs1","Cd47",0.043951809651337,0,"THBS1_CD47","Thbs1  - Cd47","THBS","ECM-Receptor","KEGG: mmu04512"
"Neutrophils (immature)","Monocytes","Thbs1","Cd47",0.0171599348831064,0,"THBS1_CD47","Thbs1  - Cd47","THBS","ECM-Receptor","KEGG: mmu04512"
"Neutrophils (Ccl3+)","mregDC","Thbs1","Cd47",0.097485814141102,0,"THBS1_CD47","Thbs1  - Cd47","THBS","ECM-Receptor","KEGG: mmu04512"
"Neutrophils (immature)","mregDC","Thbs1","Cd47",0.0394060617731992,0,"THBS1_CD47","Thbs1  - Cd47","THBS","ECM-Receptor","KEGG: mmu04512"
"Neutrophils (Ccl3+)","Neutrophils (immature)","Thbs1","Cd47",0.0392142502256054,0,"THBS1_CD47","Thbs1  - Cd47","THBS","ECM-Receptor","KEGG: mmu04512"
"Neutrophils (immature)","Neutrophils (immature)","Thbs1","Cd47",0.015264160125254,0,"THBS1_CD47","Thbs1  - Cd47","THBS","ECM-Receptor","KEGG: mmu04512"
"Neutrophils (Ccl3+)","Neutrophils (Siglecf+ TAN)","Thbs1","Cd47",0.0412039254969212,0,"THBS1_CD47","Thbs1  - Cd47","THBS","ECM-Receptor","KEGG: mmu04512"
"Neutrophils (immature)","Neutrophils (Siglecf+ TAN)","Thbs1","Cd47",0.0160589531205486,0,"THBS1_CD47","Thbs1  - Cd47","THBS","ECM-Receptor","KEGG: mmu04512"
"Neutrophils (Ccl3+)","NK cells","Thbs1","Cd47",0.0412125018541947,0,"THBS1_CD47","Thbs1  - Cd47","THBS","ECM-Receptor","KEGG: mmu04512"
"Neutrophils (immature)","NK cells","Thbs1","Cd47",0.016062383377897,0,"THBS1_CD47","Thbs1  - Cd47","THBS","ECM-Receptor","KEGG: mmu04512"
"Neutrophils (Ccl3+)","T cells","Thbs1","Cd47",0.0365242818867177,0,"THBS1_CD47","Thbs1  - Cd47","THBS","ECM-Receptor","KEGG: mmu04512"
"Neutrophils (immature)","T cells","Thbs1","Cd47",0.0141928200050219,0,"THBS1_CD47","Thbs1  - Cd47","THBS","ECM-Receptor","KEGG: mmu04512"
"Neutrophils (Siglecf+ TAN)","Alveolar macrophages","LXA4-ALOX5","Fpr2",0.00725258989832982,0,"LipoxinA4-ALOX5_FPR2","LXA4-Alox5 - Fpr2","LXA4","Non-protein Signaling","PMID: 33082511"
"Neutrophils (Siglecf+ TAN)","Neutrophils (immature)","LXA4-ALOX5","Fpr2",0.0385825046759099,0,"LipoxinA4-ALOX5_FPR2","LXA4-Alox5 - Fpr2","LXA4","Non-protein Signaling","PMID: 33082511"
"Neutrophils (Siglecf+ TAN)","Neutrophils (mature)","LXA4-ALOX5","Fpr2",0.00883453723765914,0,"LipoxinA4-ALOX5_FPR2","LXA4-Alox5 - Fpr2","LXA4","Non-protein Signaling","PMID: 33082511"
"Neutrophils (Siglecf+ TAN)","Neutrophils (Siglecf+ TAN)","LXA4-ALOX5","Fpr2",0.00692834476850205,0,"LipoxinA4-ALOX5_FPR2","LXA4-Alox5 - Fpr2","LXA4","Non-protein Signaling","PMID: 33082511"
"Alveolar macrophages","Alveolar macrophages","Ppia","Bsg",0.0260293006393233,0,"PPIA_BSG","Ppia - Bsg","CypA","Non-protein Signaling","PMID: 36012604"
"B cells","Alveolar macrophages","Ppia","Bsg",0.0193774925047174,0,"PPIA_BSG","Ppia - Bsg","CypA","Non-protein Signaling","PMID: 36012604"
"cDC2","Alveolar macrophages","Ppia","Bsg",0.0276968619312419,0,"PPIA_BSG","Ppia - Bsg","CypA","Non-protein Signaling","PMID: 36012604"
"Macrophages (C1q+Trem2+ TAM)","Alveolar macrophages","Ppia","Bsg",0.0255409884668455,0,"PPIA_BSG","Ppia - Bsg","CypA","Non-protein Signaling","PMID: 36012604"
"Monocytes","Alveolar macrophages","Ppia","Bsg",0.0177187890205903,0,"PPIA_BSG","Ppia - Bsg","CypA","Non-protein Signaling","PMID: 36012604"
"mregDC","Alveolar macrophages","Ppia","Bsg",0.0280732950469742,0,"PPIA_BSG","Ppia - Bsg","CypA","Non-protein Signaling","PMID: 36012604"
"Neutrophils (Ccl3+)","Alveolar macrophages","Ppia","Bsg",0.0170692696877202,0,"PPIA_BSG","Ppia - Bsg","CypA","Non-protein Signaling","PMID: 36012604"
"Neutrophils (immature)","Alveolar macrophages","Ppia","Bsg",0.00375840098481432,0,"PPIA_BSG","Ppia - Bsg","CypA","Non-protein Signaling","PMID: 36012604"
"Neutrophils (Siglecf+ TAN)","Alveolar macrophages","Ppia","Bsg",0.0167443430120321,0,"PPIA_BSG","Ppia - Bsg","CypA","Non-protein Signaling","PMID: 36012604"
"NK cells","Alveolar macrophages","Ppia","Bsg",0.0257025428935941,0,"PPIA_BSG","Ppia - Bsg","CypA","Non-protein Signaling","PMID: 36012604"
"T cells","Alveolar macrophages","Ppia","Bsg",0.0266194923551461,0,"PPIA_BSG","Ppia - Bsg","CypA","Non-protein Signaling","PMID: 36012604"
"Alveolar macrophages","Alveolar macrophages","App","Cd74",0.0111251294536811,0,"APP_CD74","App  - Cd74","APP","Cell-Cell Contact","PMID: 19849849"
"Macrophages (C1q+Trem2+ TAM)","Alveolar macrophages","App","Cd74",0.0107268998880879,0,"APP_CD74","App  - Cd74","APP","Cell-Cell Contact","PMID: 19849849"
"Neutrophils (immature)","Alveolar macrophages","App","Cd74",0.00229682965427011,0.01,"APP_CD74","App  - Cd74","APP","Cell-Cell Contact","PMID: 19849849"
"Alveolar macrophages","B cells","App","Cd74",0.0705464571666768,0,"APP_CD74","App  - Cd74","APP","Cell-Cell Contact","PMID: 19849849"
"Macrophages (C1q+Trem2+ TAM)","B cells","App","Cd74",0.0681678368080697,0,"APP_CD74","App  - Cd74","APP","Cell-Cell Contact","PMID: 19849849"
"Neutrophils (immature)","B cells","App","Cd74",0.0152938863102194,0.01,"APP_CD74","App  - Cd74","APP","Cell-Cell Contact","PMID: 19849849"
"Alveolar macrophages","cDC2","App","Cd74",0.0691897215487032,0,"APP_CD74","App  - Cd74","APP","Cell-Cell Contact","PMID: 19849849"
"Macrophages (C1q+Trem2+ TAM)","cDC2","App","Cd74",0.0668535560008994,0,"APP_CD74","App  - Cd74","APP","Cell-Cell Contact","PMID: 19849849"
"Neutrophils (immature)","cDC2","App","Cd74",0.0149826282582738,0.01,"APP_CD74","App  - Cd74","APP","Cell-Cell Contact","PMID: 19849849"
"Alveolar macrophages","Macrophages (C1q+Trem2+ TAM)","App","Cd74",0.0491459192389606,0,"APP_CD74","App  - Cd74","APP","Cell-Cell Contact","PMID: 19849849"
"Macrophages (C1q+Trem2+ TAM)","Macrophages (C1q+Trem2+ TAM)","App","Cd74",0.0474520239976415,0,"APP_CD74","App  - Cd74","APP","Cell-Cell Contact","PMID: 19849849"
"Neutrophils (immature)","Macrophages (C1q+Trem2+ TAM)","App","Cd74",0.0104656966856456,0.01,"APP_CD74","App  - Cd74","APP","Cell-Cell Contact","PMID: 19849849"
"Alveolar macrophages","Monocytes","App","Cd74",0.0110293800484735,0,"APP_CD74","App  - Cd74","APP","Cell-Cell Contact","PMID: 19849849"
"Macrophages (C1q+Trem2+ TAM)","Monocytes","App","Cd74",0.0106345410218029,0,"APP_CD74","App  - Cd74","APP","Cell-Cell Contact","PMID: 19849849"
"Neutrophils (immature)","Monocytes","App","Cd74",0.00227688684014059,0.01,"APP_CD74","App  - Cd74","APP","Cell-Cell Contact","PMID: 19849849"
"Alveolar macrophages","mregDC","App","Cd74",0.0615672360908083,0,"APP_CD74","App  - Cd74","APP","Cell-Cell Contact","PMID: 19849849"
"Macrophages (C1q+Trem2+ TAM)","mregDC","App","Cd74",0.059471996870811,0,"APP_CD74","App  - Cd74","APP","Cell-Cell Contact","PMID: 19849849"
"Neutrophils (immature)","mregDC","App","Cd74",0.0132470336016026,0.01,"APP_CD74","App  - Cd74","APP","Cell-Cell Contact","PMID: 19849849"
"B cells","Monocytes","Fcer2a","ITGAM_ITGB2",0.017084574108252,0,"FCER2A_ITGAM_ITGB2","Fcer2a  - (Itgam+Itgb2)","CD23","Cell-Cell Contact","PMID: 7621072"
"B cells","Neutrophils (Ccl3+)","Fcer2a","ITGAM_ITGB2",0.0130105701281234,0,"FCER2A_ITGAM_ITGB2","Fcer2a  - (Itgam+Itgb2)","CD23","Cell-Cell Contact","PMID: 7621072"
"B cells","Neutrophils (immature)","Fcer2a","ITGAM_ITGB2",0.0477076188011871,0,"FCER2A_ITGAM_ITGB2","Fcer2a  - (Itgam+Itgb2)","CD23","Cell-Cell Contact","PMID: 7621072"
"B cells","Neutrophils (mature)","Fcer2a","ITGAM_ITGB2",0.0219439131145713,0,"FCER2A_ITGAM_ITGB2","Fcer2a  - (Itgam+Itgb2)","CD23","Cell-Cell Contact","PMID: 7621072"
"B cells","Neutrophils (Siglecf+ TAN)","Fcer2a","ITGAM_ITGB2",0.0213171084423617,0,"FCER2A_ITGAM_ITGB2","Fcer2a  - (Itgam+Itgb2)","CD23","Cell-Cell Contact","PMID: 7621072"
"B cells","NK cells","Fcer2a","ITGAM_ITGB2",0.018666474351381,0,"FCER2A_ITGAM_ITGB2","Fcer2a  - (Itgam+Itgb2)","CD23","Cell-Cell Contact","PMID: 7621072"
"B cells","Alveolar macrophages","Fcer2a","ITGAX_ITGB2",0.0184780773948151,0,"FCER2A_ITGAX_ITGB2","Fcer2a  - (Itgax+Itgb2)","CD23","Cell-Cell Contact","PMID: 7621072"
"B cells","cDC2","Fcer2a","ITGAX_ITGB2",0.0109782869190349,0,"FCER2A_ITGAX_ITGB2","Fcer2a  - (Itgax+Itgb2)","CD23","Cell-Cell Contact","PMID: 7621072"
"B cells","Macrophages (C1q+Trem2+ TAM)","Fcer2a","ITGAX_ITGB2",0.020436884063583,0,"FCER2A_ITGAX_ITGB2","Fcer2a  - (Itgax+Itgb2)","CD23","Cell-Cell Contact","PMID: 7621072"
"B cells","Neutrophils (Siglecf+ TAN)","Fcer2a","ITGAX_ITGB2",0.013079032277968,0,"FCER2A_ITGAX_ITGB2","Fcer2a  - (Itgax+Itgb2)","CD23","Cell-Cell Contact","PMID: 7621072"
"Neutrophils (mature)","mregDC","Entpd1","Adora2a",0.00417239304907475,0,"ENTPD1_ADORA2A","Entpd1  - Adora2a","CD39","Cell-Cell Contact","PMID: 21677139"
"B cells","B cells","Ptprc","Cd22",0.0112968020552742,0,"PTPRC_CD22","Ptprc  - Cd22","CD45","Cell-Cell Contact","PMID: 12115612"
"cDC2","B cells","Ptprc","Cd22",0.00902056181839955,0,"PTPRC_CD22","Ptprc  - Cd22","CD45","Cell-Cell Contact","PMID: 12115612"
"Monocytes","B cells","Ptprc","Cd22",0.0136794677080005,0,"PTPRC_CD22","Ptprc  - Cd22","CD45","Cell-Cell Contact","PMID: 12115612"
"mregDC","B cells","Ptprc","Cd22",0.006232976315101,0,"PTPRC_CD22","Ptprc  - Cd22","CD45","Cell-Cell Contact","PMID: 12115612"
"Neutrophils (Ccl3+)","B cells","Ptprc","Cd22",0.00941010761119947,0,"PTPRC_CD22","Ptprc  - Cd22","CD45","Cell-Cell Contact","PMID: 12115612"
"Neutrophils (immature)","B cells","Ptprc","Cd22",0.0319888031476714,0,"PTPRC_CD22","Ptprc  - Cd22","CD45","Cell-Cell Contact","PMID: 12115612"
"Neutrophils (mature)","B cells","Ptprc","Cd22",0.0436026838115229,0,"PTPRC_CD22","Ptprc  - Cd22","CD45","Cell-Cell Contact","PMID: 12115612"
"Neutrophils (Siglecf+ TAN)","B cells","Ptprc","Cd22",0.0319449435732902,0,"PTPRC_CD22","Ptprc  - Cd22","CD45","Cell-Cell Contact","PMID: 12115612"
"NK cells","B cells","Ptprc","Cd22",0.0541187353433268,0,"PTPRC_CD22","Ptprc  - Cd22","CD45","Cell-Cell Contact","PMID: 12115612"
"T cells","B cells","Ptprc","Cd22",0.0287364140254498,0,"PTPRC_CD22","Ptprc  - Cd22","CD45","Cell-Cell Contact","PMID: 12115612"
"B cells","Alveolar macrophages","Ptprc","Mrc1",0.00978452535158334,0,"PTPRC_MRC1","Ptprc  - Mrc1","CD45","Cell-Cell Contact","PMID: 27601670; PMID: 10575006"
"cDC2","Alveolar macrophages","Ptprc","Mrc1",0.00781059292010277,0,"PTPRC_MRC1","Ptprc  - Mrc1","CD45","Cell-Cell Contact","PMID: 27601670; PMID: 10575006"
"Monocytes","Alveolar macrophages","Ptprc","Mrc1",0.0118520526241157,0,"PTPRC_MRC1","Ptprc  - Mrc1","CD45","Cell-Cell Contact","PMID: 27601670; PMID: 10575006"
"mregDC","Alveolar macrophages","Ptprc","Mrc1",0.00539488334147533,0,"PTPRC_MRC1","Ptprc  - Mrc1","CD45","Cell-Cell Contact","PMID: 27601670; PMID: 10575006"
"Neutrophils (Ccl3+)","Alveolar macrophages","Ptprc","Mrc1",0.0081483168054018,0,"PTPRC_MRC1","Ptprc  - Mrc1","CD45","Cell-Cell Contact","PMID: 27601670; PMID: 10575006"
"Neutrophils (immature)","Alveolar macrophages","Ptprc","Mrc1",0.027784378043534,0,"PTPRC_MRC1","Ptprc  - Mrc1","CD45","Cell-Cell Contact","PMID: 27601670; PMID: 10575006"
"Neutrophils (mature)","Alveolar macrophages","Ptprc","Mrc1",0.0379316112971575,0,"PTPRC_MRC1","Ptprc  - Mrc1","CD45","Cell-Cell Contact","PMID: 27601670; PMID: 10575006"
"Neutrophils (Siglecf+ TAN)","Alveolar macrophages","Ptprc","Mrc1",0.0277461178881735,0,"PTPRC_MRC1","Ptprc  - Mrc1","CD45","Cell-Cell Contact","PMID: 27601670; PMID: 10575006"
"NK cells","Alveolar macrophages","Ptprc","Mrc1",0.0471473446567577,0,"PTPRC_MRC1","Ptprc  - Mrc1","CD45","Cell-Cell Contact","PMID: 27601670; PMID: 10575006"
"T cells","Alveolar macrophages","Ptprc","Mrc1",0.0249484470460393,0,"PTPRC_MRC1","Ptprc  - Mrc1","CD45","Cell-Cell Contact","PMID: 27601670; PMID: 10575006"
"mregDC","NK cells","Clec2d","Klrb1b",0.0048762429774219,0,"CLEC2D_KLRB1B","Clec2d  - Klrb1b","CLEC","Cell-Cell Contact","PMID: 24223577"
"Alveolar macrophages","Monocytes","F11r","ITGAL_ITGB2",0.0153502911469977,0,"JAM1_ITGAL_ITGB2","Jam1  - (Itgal+Itgb2)","JAM","Cell-Cell Contact","PMID: 11812992"
"Alveolar macrophages","Neutrophils (immature)","F11r","ITGAL_ITGB2",0.0314025572429154,0,"JAM1_ITGAL_ITGB2","Jam1  - (Itgal+Itgb2)","JAM","Cell-Cell Contact","PMID: 11812992"
"Alveolar macrophages","Neutrophils (mature)","F11r","ITGAL_ITGB2",0.0173700547867031,0,"JAM1_ITGAL_ITGB2","Jam1  - (Itgal+Itgb2)","JAM","Cell-Cell Contact","PMID: 11812992"
"Alveolar macrophages","NK cells","F11r","ITGAL_ITGB2",0.0274514001117262,0,"JAM1_ITGAL_ITGB2","Jam1  - (Itgal+Itgb2)","JAM","Cell-Cell Contact","PMID: 11812992"
"Alveolar macrophages","Alveolar macrophages","F11r","F11r",0.00733186305354315,0,"F11R_F11R","F11r  - F11r","JAM","Cell-Cell Contact","KEGG: mmu04514"
"Alveolar macrophages","NK cells","H2-T23","KLRD1_KLRC1",0.0141795550897307,0,"H2-T23_KLRD1_KLRC1","H2-t23  - (Klrd1+Klrc1)","MHC-I","Cell-Cell Contact","PMID: 24223577"
"B cells","NK cells","H2-T23","KLRD1_KLRC1",0.0157626867560694,0,"H2-T23_KLRD1_KLRC1","H2-t23  - (Klrd1+Klrc1)","MHC-I","Cell-Cell Contact","PMID: 24223577"
"cDC2","NK cells","H2-T23","KLRD1_KLRC1",0.0149511539417687,0,"H2-T23_KLRD1_KLRC1","H2-t23  - (Klrd1+Klrc1)","MHC-I","Cell-Cell Contact","PMID: 24223577"
"Macrophages (C1q+Trem2+ TAM)","NK cells","H2-T23","KLRD1_KLRC1",0.0107530432257316,0,"H2-T23_KLRD1_KLRC1","H2-t23  - (Klrd1+Klrc1)","MHC-I","Cell-Cell Contact","PMID: 24223577"
"Monocytes","NK cells","H2-T23","KLRD1_KLRC1",0.0145490522863378,0,"H2-T23_KLRD1_KLRC1","H2-t23  - (Klrd1+Klrc1)","MHC-I","Cell-Cell Contact","PMID: 24223577"
"mregDC","NK cells","H2-T23","KLRD1_KLRC1",0.0158451804678808,0,"H2-T23_KLRD1_KLRC1","H2-t23  - (Klrd1+Klrc1)","MHC-I","Cell-Cell Contact","PMID: 24223577"
"Neutrophils (Ccl3+)","NK cells","H2-T23","KLRD1_KLRC1",0.0101267802088091,0,"H2-T23_KLRD1_KLRC1","H2-t23  - (Klrd1+Klrc1)","MHC-I","Cell-Cell Contact","PMID: 24223577"
"Neutrophils (immature)","NK cells","H2-T23","KLRD1_KLRC1",0.0155646541251543,0,"H2-T23_KLRD1_KLRC1","H2-t23  - (Klrd1+Klrc1)","MHC-I","Cell-Cell Contact","PMID: 24223577"
"Neutrophils (mature)","NK cells","H2-T23","KLRD1_KLRC1",0.0148697313397797,0,"H2-T23_KLRD1_KLRC1","H2-t23  - (Klrd1+Klrc1)","MHC-I","Cell-Cell Contact","PMID: 24223577"
"NK cells","NK cells","H2-T23","KLRD1_KLRC1",0.0150902624905361,0,"H2-T23_KLRD1_KLRC1","H2-t23  - (Klrd1+Klrc1)","MHC-I","Cell-Cell Contact","PMID: 24223577"
"T cells","NK cells","H2-T23","KLRD1_KLRC1",0.0129247299007952,0,"H2-T23_KLRD1_KLRC1","H2-t23  - (Klrd1+Klrc1)","MHC-I","Cell-Cell Contact","PMID: 24223577"
"Alveolar macrophages","NK cells","H2-T23","KLRD1_KLRC2",0.0130429516499457,0,"H2-T23_KLRD1_KLRC2","H2-t23  - (Klrd1+Klrc2)","MHC-I","Cell-Cell Contact","PMID: 24223577"
"B cells","NK cells","H2-T23","KLRD1_KLRC2",0.0145010494565545,0,"H2-T23_KLRD1_KLRC2","H2-t23  - (Klrd1+Klrc2)","MHC-I","Cell-Cell Contact","PMID: 24223577"
"cDC2","NK cells","H2-T23","KLRD1_KLRC2",0.0137535636438017,0,"H2-T23_KLRD1_KLRC2","H2-t23  - (Klrd1+Klrc2)","MHC-I","Cell-Cell Contact","PMID: 24223577"
"Macrophages (C1q+Trem2+ TAM)","NK cells","H2-T23","KLRD1_KLRC2",0.00988834678264599,0,"H2-T23_KLRD1_KLRC2","H2-t23  - (Klrd1+Klrc2)","MHC-I","Cell-Cell Contact","PMID: 24223577"
"Monocytes","NK cells","H2-T23","KLRD1_KLRC2",0.0133832328127484,0,"H2-T23_KLRD1_KLRC2","H2-t23  - (Klrd1+Klrc2)","MHC-I","Cell-Cell Contact","PMID: 24223577"
"mregDC","NK cells","H2-T23","KLRD1_KLRC2",0.0145770382043489,0,"H2-T23_KLRD1_KLRC2","H2-t23  - (Klrd1+Klrc2)","MHC-I","Cell-Cell Contact","PMID: 24223577"
"Neutrophils (Ccl3+)","NK cells","H2-T23","KLRD1_KLRC2",0.0093119700994131,0,"H2-T23_KLRD1_KLRC2","H2-t23  - (Klrd1+Klrc2)","MHC-I","Cell-Cell Contact","PMID: 24223577"
"Neutrophils (immature)","NK cells","H2-T23","KLRD1_KLRC2",0.0143186366637682,0,"H2-T23_KLRD1_KLRC2","H2-t23  - (Klrd1+Klrc2)","MHC-I","Cell-Cell Contact","PMID: 24223577"
"Neutrophils (mature)","NK cells","H2-T23","KLRD1_KLRC2",0.013678572442607,0,"H2-T23_KLRD1_KLRC2","H2-t23  - (Klrd1+Klrc2)","MHC-I","Cell-Cell Contact","PMID: 24223577"
"NK cells","NK cells","H2-T23","KLRD1_KLRC2",0.0138816865972356,0,"H2-T23_KLRD1_KLRC2","H2-t23  - (Klrd1+Klrc2)","MHC-I","Cell-Cell Contact","PMID: 24223577"
"T cells","NK cells","H2-T23","KLRD1_KLRC2",0.011887497727942,0,"H2-T23_KLRD1_KLRC2","H2-t23  - (Klrd1+Klrc2)","MHC-I","Cell-Cell Contact","PMID: 24223577"
"Macrophages (C1q+Trem2+ TAM)","T cells","H2-Q10","Cd8b1",0.00401126051823976,0,"H2-Q10_CD8B1","H2-q10  - Cd8b1","MHC-I","Cell-Cell Contact","KEGG: mmu04514"
"Monocytes","T cells","H2-Q10","Cd8b1",0.00546873730099439,0,"H2-Q10_CD8B1","H2-q10  - Cd8b1","MHC-I","Cell-Cell Contact","KEGG: mmu04514"
"mregDC","T cells","H2-Q10","Cd8b1",0.00487770431511059,0,"H2-Q10_CD8B1","H2-q10  - Cd8b1","MHC-I","Cell-Cell Contact","KEGG: mmu04514"
"Neutrophils (immature)","T cells","H2-Q10","Cd8b1",0.0215161288809819,0,"H2-Q10_CD8B1","H2-q10  - Cd8b1","MHC-I","Cell-Cell Contact","KEGG: mmu04514"
"Neutrophils (mature)","T cells","H2-Q10","Cd8b1",0.0243772665037532,0,"H2-Q10_CD8B1","H2-q10  - Cd8b1","MHC-I","Cell-Cell Contact","KEGG: mmu04514"
"Neutrophils (Siglecf+ TAN)","T cells","H2-Q10","Cd8b1",0.00686218079174002,0,"H2-Q10_CD8B1","H2-q10  - Cd8b1","MHC-I","Cell-Cell Contact","KEGG: mmu04514"
"NK cells","T cells","H2-Q10","Cd8b1",0.00731497694994026,0,"H2-Q10_CD8B1","H2-q10  - Cd8b1","MHC-I","Cell-Cell Contact","KEGG: mmu04514"
"T cells","T cells","H2-Q10","Cd8b1",0.00530193770003147,0,"H2-Q10_CD8B1","H2-q10  - Cd8b1","MHC-I","Cell-Cell Contact","KEGG: mmu04514"
"B cells","T cells","H2-Q7","Cd8b1",0.00657377026303895,0,"H2-Q7_CD8B1","H2-q7  - Cd8b1","MHC-I","Cell-Cell Contact","KEGG: mmu04514"
"cDC2","T cells","H2-Q7","Cd8b1",0.00564144119342,0,"H2-Q7_CD8B1","H2-q7  - Cd8b1","MHC-I","Cell-Cell Contact","KEGG: mmu04514"
"Macrophages (C1q+Trem2+ TAM)","T cells","H2-Q7","Cd8b1",0.00644750743408632,0,"H2-Q7_CD8B1","H2-q7  - Cd8b1","MHC-I","Cell-Cell Contact","KEGG: mmu04514"
"Monocytes","T cells","H2-Q7","Cd8b1",0.00568862164178202,0,"H2-Q7_CD8B1","H2-q7  - Cd8b1","MHC-I","Cell-Cell Contact","KEGG: mmu04514"
"mregDC","T cells","H2-Q7","Cd8b1",0.0208554344170121,0,"H2-Q7_CD8B1","H2-q7  - Cd8b1","MHC-I","Cell-Cell Contact","KEGG: mmu04514"
"Neutrophils (immature)","T cells","H2-Q7","Cd8b1",0.00676745694738122,0,"H2-Q7_CD8B1","H2-q7  - Cd8b1","MHC-I","Cell-Cell Contact","KEGG: mmu04514"
"Neutrophils (mature)","T cells","H2-Q7","Cd8b1",0.00683688949082046,0,"H2-Q7_CD8B1","H2-q7  - Cd8b1","MHC-I","Cell-Cell Contact","KEGG: mmu04514"
"NK cells","T cells","H2-Q7","Cd8b1",0.0285305915113228,0,"H2-Q7_CD8B1","H2-q7  - Cd8b1","MHC-I","Cell-Cell Contact","KEGG: mmu04514"
"T cells","T cells","H2-Q7","Cd8b1",0.0218793937155824,0,"H2-Q7_CD8B1","H2-q7  - Cd8b1","MHC-I","Cell-Cell Contact","KEGG: mmu04514"
"Alveolar macrophages","T cells","H2-T23","Cd8b1",0.00572579285765431,0,"H2-T23_CD8B1","H2-t23  - Cd8b1","MHC-I","Cell-Cell Contact","KEGG: mmu04514"
"B cells","T cells","H2-T23","Cd8b1",0.00637117125182507,0,"H2-T23_CD8B1","H2-t23  - Cd8b1","MHC-I","Cell-Cell Contact","KEGG: mmu04514"
"cDC2","T cells","H2-T23","Cd8b1",0.00604018787879107,0,"H2-T23_CD8B1","H2-t23  - Cd8b1","MHC-I","Cell-Cell Contact","KEGG: mmu04514"
"Macrophages (C1q+Trem2+ TAM)","T cells","H2-T23","Cd8b1",0.00433316657965848,0,"H2-T23_CD8B1","H2-t23  - Cd8b1","MHC-I","Cell-Cell Contact","KEGG: mmu04514"
"Monocytes","T cells","H2-T23","Cd8b1",0.00587631125554774,0,"H2-T23_CD8B1","H2-t23  - Cd8b1","MHC-I","Cell-Cell Contact","KEGG: mmu04514"
"mregDC","T cells","H2-T23","Cd8b1",0.00640483449271421,0,"H2-T23_CD8B1","H2-t23  - Cd8b1","MHC-I","Cell-Cell Contact","KEGG: mmu04514"
"Neutrophils (Ccl3+)","T cells","H2-T23","Cd8b1",0.00407925882713329,0,"H2-T23_CD8B1","H2-t23  - Cd8b1","MHC-I","Cell-Cell Contact","KEGG: mmu04514"
"Neutrophils (immature)","T cells","H2-T23","Cd8b1",0.00629037372094375,0,"H2-T23_CD8B1","H2-t23  - Cd8b1","MHC-I","Cell-Cell Contact","KEGG: mmu04514"
"Neutrophils (mature)","T cells","H2-T23","Cd8b1",0.00600699764015578,0,"H2-T23_CD8B1","H2-t23  - Cd8b1","MHC-I","Cell-Cell Contact","KEGG: mmu04514"
"NK cells","T cells","H2-T23","Cd8b1",0.00609690016670293,0,"H2-T23_CD8B1","H2-t23  - Cd8b1","MHC-I","Cell-Cell Contact","KEGG: mmu04514"
"T cells","T cells","H2-T23","Cd8b1",0.00521512895886739,0,"H2-T23_CD8B1","H2-t23  - Cd8b1","MHC-I","Cell-Cell Contact","KEGG: mmu04514"
"mregDC","T cells","H2-Q6","Cd8b1",0.00831366426245991,0,"H2-Q6_CD8B1","H2-q6  - Cd8b1","MHC-I","Cell-Cell Contact","KEGG: mmu04514"
"NK cells","T cells","H2-Q6","Cd8b1",0.00897144964984486,0,"H2-Q6_CD8B1","H2-q6  - Cd8b1","MHC-I","Cell-Cell Contact","KEGG: mmu04514"
"T cells","T cells","H2-Q6","Cd8b1",0.00300354562414868,0,"H2-Q6_CD8B1","H2-q6  - Cd8b1","MHC-I","Cell-Cell Contact","KEGG: mmu04514"
"Alveolar macrophages","T cells","H2-D1","Cd8b1",0.0384316481683965,0,"H2-D1_CD8B1","H2-d1  - Cd8b1","MHC-I","Cell-Cell Contact","KEGG: mmu04514"
"B cells","T cells","H2-D1","Cd8b1",0.0460138572231136,0,"H2-D1_CD8B1","H2-d1  - Cd8b1","MHC-I","Cell-Cell Contact","KEGG: mmu04514"
"cDC2","T cells","H2-D1","Cd8b1",0.0409393367803527,0,"H2-D1_CD8B1","H2-d1  - Cd8b1","MHC-I","Cell-Cell Contact","KEGG: mmu04514"
"Macrophages (C1q+Trem2+ TAM)","T cells","H2-D1","Cd8b1",0.0458859582189709,0,"H2-D1_CD8B1","H2-d1  - Cd8b1","MHC-I","Cell-Cell Contact","KEGG: mmu04514"
"Monocytes","T cells","H2-D1","Cd8b1",0.0505883742234343,0,"H2-D1_CD8B1","H2-d1  - Cd8b1","MHC-I","Cell-Cell Contact","KEGG: mmu04514"
"mregDC","T cells","H2-D1","Cd8b1",0.0562558119831499,0,"H2-D1_CD8B1","H2-d1  - Cd8b1","MHC-I","Cell-Cell Contact","KEGG: mmu04514"
"Neutrophils (Ccl3+)","T cells","H2-D1","Cd8b1",0.0302355914012685,0,"H2-D1_CD8B1","H2-d1  - Cd8b1","MHC-I","Cell-Cell Contact","KEGG: mmu04514"
"Neutrophils (immature)","T cells","H2-D1","Cd8b1",0.0487979893161479,0,"H2-D1_CD8B1","H2-d1  - Cd8b1","MHC-I","Cell-Cell Contact","KEGG: mmu04514"
"Neutrophils (mature)","T cells","H2-D1","Cd8b1",0.0487522974669417,0,"H2-D1_CD8B1","H2-d1  - Cd8b1","MHC-I","Cell-Cell Contact","KEGG: mmu04514"
"Neutrophils (Siglecf+ TAN)","T cells","H2-D1","Cd8b1",0.0273019073375787,0,"H2-D1_CD8B1","H2-d1  - Cd8b1","MHC-I","Cell-Cell Contact","KEGG: mmu04514"
"NK cells","T cells","H2-D1","Cd8b1",0.0580617127545047,0,"H2-D1_CD8B1","H2-d1  - Cd8b1","MHC-I","Cell-Cell Contact","KEGG: mmu04514"
"T cells","T cells","H2-D1","Cd8b1",0.0524316959421287,0,"H2-D1_CD8B1","H2-d1  - Cd8b1","MHC-I","Cell-Cell Contact","KEGG: mmu04514"
"Alveolar macrophages","T cells","H2-K1","Cd8b1",0.0354912869011316,0,"H2-K1_CD8B1","H2-k1  - Cd8b1","MHC-I","Cell-Cell Contact","KEGG: mmu04514"
"B cells","T cells","H2-K1","Cd8b1",0.0374042991475868,0,"H2-K1_CD8B1","H2-k1  - Cd8b1","MHC-I","Cell-Cell Contact","KEGG: mmu04514"
"cDC2","T cells","H2-K1","Cd8b1",0.0401496449756579,0,"H2-K1_CD8B1","H2-k1  - Cd8b1","MHC-I","Cell-Cell Contact","KEGG: mmu04514"
"Macrophages (C1q+Trem2+ TAM)","T cells","H2-K1","Cd8b1",0.0420468037132317,0,"H2-K1_CD8B1","H2-k1  - Cd8b1","MHC-I","Cell-Cell Contact","KEGG: mmu04514"
"Monocytes","T cells","H2-K1","Cd8b1",0.0450402108064349,0,"H2-K1_CD8B1","H2-k1  - Cd8b1","MHC-I","Cell-Cell Contact","KEGG: mmu04514"
"mregDC","T cells","H2-K1","Cd8b1",0.0580613147859445,0,"H2-K1_CD8B1","H2-k1  - Cd8b1","MHC-I","Cell-Cell Contact","KEGG: mmu04514"
"Neutrophils (Ccl3+)","T cells","H2-K1","Cd8b1",0.0217350382843363,0,"H2-K1_CD8B1","H2-k1  - Cd8b1","MHC-I","Cell-Cell Contact","KEGG: mmu04514"
"Neutrophils (immature)","T cells","H2-K1","Cd8b1",0.0215578561274713,0,"H2-K1_CD8B1","H2-k1  - Cd8b1","MHC-I","Cell-Cell Contact","KEGG: mmu04514"
"Neutrophils (mature)","T cells","H2-K1","Cd8b1",0.0245180506288969,0,"H2-K1_CD8B1","H2-k1  - Cd8b1","MHC-I","Cell-Cell Contact","KEGG: mmu04514"
"Neutrophils (Siglecf+ TAN)","T cells","H2-K1","Cd8b1",0.00956606248532031,0,"H2-K1_CD8B1","H2-k1  - Cd8b1","MHC-I","Cell-Cell Contact","KEGG: mmu04514"
"NK cells","T cells","H2-K1","Cd8b1",0.0603586091630135,0,"H2-K1_CD8B1","H2-k1  - Cd8b1","MHC-I","Cell-Cell Contact","KEGG: mmu04514"
"T cells","T cells","H2-K1","Cd8b1",0.0546475878607183,0,"H2-K1_CD8B1","H2-k1  - Cd8b1","MHC-I","Cell-Cell Contact","KEGG: mmu04514"
"Alveolar macrophages","T cells","H2-Q4","Cd8b1",0.0274384514413893,0,"H2-Q4_CD8B1","H2-q4  - Cd8b1","MHC-I","Cell-Cell Contact","KEGG: mmu04514"
"B cells","T cells","H2-Q4","Cd8b1",0.0342478123096749,0,"H2-Q4_CD8B1","H2-q4  - Cd8b1","MHC-I","Cell-Cell Contact","KEGG: mmu04514"
"cDC2","T cells","H2-Q4","Cd8b1",0.0215044564068508,0,"H2-Q4_CD8B1","H2-q4  - Cd8b1","MHC-I","Cell-Cell Contact","KEGG: mmu04514"
"Macrophages (C1q+Trem2+ TAM)","T cells","H2-Q4","Cd8b1",0.0147917886437281,0,"H2-Q4_CD8B1","H2-q4  - Cd8b1","MHC-I","Cell-Cell Contact","KEGG: mmu04514"
"Monocytes","T cells","H2-Q4","Cd8b1",0.0220819493068393,0,"H2-Q4_CD8B1","H2-q4  - Cd8b1","MHC-I","Cell-Cell Contact","KEGG: mmu04514"
"mregDC","T cells","H2-Q4","Cd8b1",0.0321179699660975,0,"H2-Q4_CD8B1","H2-q4  - Cd8b1","MHC-I","Cell-Cell Contact","KEGG: mmu04514"
"Neutrophils (Ccl3+)","T cells","H2-Q4","Cd8b1",0.038618407212324,0,"H2-Q4_CD8B1","H2-q4  - Cd8b1","MHC-I","Cell-Cell Contact","KEGG: mmu04514"
"Neutrophils (immature)","T cells","H2-Q4","Cd8b1",0.0368055042485475,0,"H2-Q4_CD8B1","H2-q4  - Cd8b1","MHC-I","Cell-Cell Contact","KEGG: mmu04514"
"Neutrophils (mature)","T cells","H2-Q4","Cd8b1",0.0394577813152744,0,"H2-Q4_CD8B1","H2-q4  - Cd8b1","MHC-I","Cell-Cell Contact","KEGG: mmu04514"
"Neutrophils (Siglecf+ TAN)","T cells","H2-Q4","Cd8b1",0.0383796169947055,0,"H2-Q4_CD8B1","H2-q4  - Cd8b1","MHC-I","Cell-Cell Contact","KEGG: mmu04514"
"NK cells","T cells","H2-Q4","Cd8b1",0.037479894695828,0,"H2-Q4_CD8B1","H2-q4  - Cd8b1","MHC-I","Cell-Cell Contact","KEGG: mmu04514"
"T cells","T cells","H2-Q4","Cd8b1",0.0336433699336266,0,"H2-Q4_CD8B1","H2-q4  - Cd8b1","MHC-I","Cell-Cell Contact","KEGG: mmu04514"
"Alveolar macrophages","B cells","Selplg","Sell",0.00965471937625611,0,"SELPLG_SELL","Selplg  - Sell","SELPLG","Cell-Cell Contact","PMC2431087; PMID:  8892633,PMID:  8896607"
"cDC2","B cells","Selplg","Sell",0.0100945737159124,0,"SELPLG_SELL","Selplg  - Sell","SELPLG","Cell-Cell Contact","PMC2431087; PMID:  8892633,PMID:  8896607"
"Monocytes","B cells","Selplg","Sell",0.0105059449998747,0,"SELPLG_SELL","Selplg  - Sell","SELPLG","Cell-Cell Contact","PMC2431087; PMID:  8892633,PMID:  8896607"
"mregDC","B cells","Selplg","Sell",0.0332846826673022,0,"SELPLG_SELL","Selplg  - Sell","SELPLG","Cell-Cell Contact","PMC2431087; PMID:  8892633,PMID:  8896607"
"Neutrophils (immature)","B cells","Selplg","Sell",0.0517430605026485,0,"SELPLG_SELL","Selplg  - Sell","SELPLG","Cell-Cell Contact","PMC2431087; PMID:  8892633,PMID:  8896607"
"Neutrophils (mature)","B cells","Selplg","Sell",0.0568103334254917,0,"SELPLG_SELL","Selplg  - Sell","SELPLG","Cell-Cell Contact","PMC2431087; PMID:  8892633,PMID:  8896607"
"Neutrophils (Siglecf+ TAN)","B cells","Selplg","Sell",0.013262203644108,0,"SELPLG_SELL","Selplg  - Sell","SELPLG","Cell-Cell Contact","PMC2431087; PMID:  8892633,PMID:  8896607"
"NK cells","B cells","Selplg","Sell",0.0380255055729454,0,"SELPLG_SELL","Selplg  - Sell","SELPLG","Cell-Cell Contact","PMC2431087; PMID:  8892633,PMID:  8896607"
"T cells","B cells","Selplg","Sell",0.0125505042723458,0,"SELPLG_SELL","Selplg  - Sell","SELPLG","Cell-Cell Contact","PMC2431087; PMID:  8892633,PMID:  8896607"
"Alveolar macrophages","Neutrophils (immature)","Selplg","Sell",0.0144490637954717,0.02,"SELPLG_SELL","Selplg  - Sell","SELPLG","Cell-Cell Contact","PMC2431087; PMID:  8892633,PMID:  8896607"
"cDC2","Neutrophils (immature)","Selplg","Sell",0.0151040099536003,0.02,"SELPLG_SELL","Selplg  - Sell","SELPLG","Cell-Cell Contact","PMC2431087; PMID:  8892633,PMID:  8896607"
"Monocytes","Neutrophils (immature)","Selplg","Sell",0.0157162833122911,0,"SELPLG_SELL","Selplg  - Sell","SELPLG","Cell-Cell Contact","PMC2431087; PMID:  8892633,PMID:  8896607"
"mregDC","Neutrophils (immature)","Selplg","Sell",0.04922989975652,0,"SELPLG_SELL","Selplg  - Sell","SELPLG","Cell-Cell Contact","PMC2431087; PMID:  8892633,PMID:  8896607"
"Neutrophils (immature)","Neutrophils (immature)","Selplg","Sell",0.0758371824506078,0,"SELPLG_SELL","Selplg  - Sell","SELPLG","Cell-Cell Contact","PMC2431087; PMID:  8892633,PMID:  8896607"
"Neutrophils (mature)","Neutrophils (immature)","Selplg","Sell",0.0830573538993753,0,"SELPLG_SELL","Selplg  - Sell","SELPLG","Cell-Cell Contact","PMC2431087; PMID:  8892633,PMID:  8896607"
"Neutrophils (Siglecf+ TAN)","Neutrophils (immature)","Selplg","Sell",0.0198121165020767,0,"SELPLG_SELL","Selplg  - Sell","SELPLG","Cell-Cell Contact","PMC2431087; PMID:  8892633,PMID:  8896607"
"NK cells","Neutrophils (immature)","Selplg","Sell",0.0561100208347935,0,"SELPLG_SELL","Selplg  - Sell","SELPLG","Cell-Cell Contact","PMC2431087; PMID:  8892633,PMID:  8896607"
"T cells","Neutrophils (immature)","Selplg","Sell",0.0187556054130189,0,"SELPLG_SELL","Selplg  - Sell","SELPLG","Cell-Cell Contact","PMC2431087; PMID:  8892633,PMID:  8896607"
"Alveolar macrophages","Neutrophils (mature)","Selplg","Sell",0.0236236226793515,0,"SELPLG_SELL","Selplg  - Sell","SELPLG","Cell-Cell Contact","PMC2431087; PMID:  8892633,PMID:  8896607"
"cDC2","Neutrophils (mature)","Selplg","Sell",0.0246840169189094,0,"SELPLG_SELL","Selplg  - Sell","SELPLG","Cell-Cell Contact","PMC2431087; PMID:  8892633,PMID:  8896607"
"Macrophages (C1q+Trem2+ TAM)","Neutrophils (mature)","Selplg","Sell",0.0156819025775021,0,"SELPLG_SELL","Selplg  - Sell","SELPLG","Cell-Cell Contact","PMC2431087; PMID:  8892633,PMID:  8896607"
"Monocytes","Neutrophils (mature)","Selplg","Sell",0.0256745128546186,0,"SELPLG_SELL","Selplg  - Sell","SELPLG","Cell-Cell Contact","PMC2431087; PMID:  8892633,PMID:  8896607"
"mregDC","Neutrophils (mature)","Selplg","Sell",0.078724775033958,0,"SELPLG_SELL","Selplg  - Sell","SELPLG","Cell-Cell Contact","PMC2431087; PMID:  8892633,PMID:  8896607"
"Neutrophils (immature)","Neutrophils (mature)","Selplg","Sell",0.119273354578444,0,"SELPLG_SELL","Selplg  - Sell","SELPLG","Cell-Cell Contact","PMC2431087; PMID:  8892633,PMID:  8896607"
"Neutrophils (mature)","Neutrophils (mature)","Selplg","Sell",0.130046992529163,0,"SELPLG_SELL","Selplg  - Sell","SELPLG","Cell-Cell Contact","PMC2431087; PMID:  8892633,PMID:  8896607"
"Neutrophils (Siglecf+ TAN)","Neutrophils (mature)","Selplg","Sell",0.0322804556180924,0,"SELPLG_SELL","Selplg  - Sell","SELPLG","Cell-Cell Contact","PMC2431087; PMID:  8892633,PMID:  8896607"
"NK cells","Neutrophils (mature)","Selplg","Sell",0.0893396192560951,0,"SELPLG_SELL","Selplg  - Sell","SELPLG","Cell-Cell Contact","PMC2431087; PMID:  8892633,PMID:  8896607"
"T cells","Neutrophils (mature)","Selplg","Sell",0.0305797947413882,0,"SELPLG_SELL","Selplg  - Sell","SELPLG","Cell-Cell Contact","PMC2431087; PMID:  8892633,PMID:  8896607"
"cDC2","NK cells","Selplg","Sell",0.0101312747348024,0,"SELPLG_SELL","Selplg  - Sell","SELPLG","Cell-Cell Contact","PMC2431087; PMID:  8892633,PMID:  8896607"
"Monocytes","NK cells","Selplg","Sell",0.0105441257176397,0.01,"SELPLG_SELL","Selplg  - Sell","SELPLG","Cell-Cell Contact","PMC2431087; PMID:  8892633,PMID:  8896607"
"mregDC","NK cells","Selplg","Sell",0.0334028513692343,0,"SELPLG_SELL","Selplg  - Sell","SELPLG","Cell-Cell Contact","PMC2431087; PMID:  8892633,PMID:  8896607"
"Neutrophils (immature)","NK cells","Selplg","Sell",0.0519232411519674,0,"SELPLG_SELL","Selplg  - Sell","SELPLG","Cell-Cell Contact","PMC2431087; PMID:  8892633,PMID:  8896607"
"Neutrophils (mature)","NK cells","Selplg","Sell",0.0570070986276557,0,"SELPLG_SELL","Selplg  - Sell","SELPLG","Cell-Cell Contact","PMC2431087; PMID:  8892633,PMID:  8896607"
"Neutrophils (Siglecf+ TAN)","NK cells","Selplg","Sell",0.0133102664184571,0,"SELPLG_SELL","Selplg  - Sell","SELPLG","Cell-Cell Contact","PMC2431087; PMID:  8892633,PMID:  8896607"
"NK cells","NK cells","Selplg","Sell",0.0381598409619604,0,"SELPLG_SELL","Selplg  - Sell","SELPLG","Cell-Cell Contact","PMC2431087; PMID:  8892633,PMID:  8896607"
"T cells","NK cells","Selplg","Sell",0.0125960207434078,0,"SELPLG_SELL","Selplg  - Sell","SELPLG","Cell-Cell Contact","PMC2431087; PMID:  8892633,PMID:  8896607"
"mregDC","T cells","Selplg","Sell",0.025694298520144,0,"SELPLG_SELL","Selplg  - Sell","SELPLG","Cell-Cell Contact","PMC2431087; PMID:  8892633,PMID:  8896607"
"Neutrophils (immature)","T cells","Selplg","Sell",0.0401180317047586,0,"SELPLG_SELL","Selplg  - Sell","SELPLG","Cell-Cell Contact","PMC2431087; PMID:  8892633,PMID:  8896607"
"Neutrophils (mature)","T cells","Selplg","Sell",0.0440997939247782,0,"SELPLG_SELL","Selplg  - Sell","SELPLG","Cell-Cell Contact","PMC2431087; PMID:  8892633,PMID:  8896607"
"Neutrophils (Siglecf+ TAN)","T cells","Selplg","Sell",0.0101897046437259,0,"SELPLG_SELL","Selplg  - Sell","SELPLG","Cell-Cell Contact","PMC2431087; PMID:  8892633,PMID:  8896607"
"NK cells","T cells","Selplg","Sell",0.0293868680578607,0,"SELPLG_SELL","Selplg  - Sell","SELPLG","Cell-Cell Contact","PMC2431087; PMID:  8892633,PMID:  8896607"
"T cells","T cells","Selplg","Sell",0.0096412760052198,0,"SELPLG_SELL","Selplg  - Sell","SELPLG","Cell-Cell Contact","PMC2431087; PMID:  8892633,PMID:  8896607"
"Neutrophils (immature)","Monocytes","Sema4a","Plxnb2",0.007805392451668,0,"SEMA4A_PLXNB2","Sema4a  - Plxnb2","SEMA4","Cell-Cell Contact","PMID: 27533782"
"Neutrophils (mature)","Monocytes","Sema4a","Plxnb2",0.00591943048591243,0,"SEMA4A_PLXNB2","Sema4a  - Plxnb2","SEMA4","Cell-Cell Contact","PMID: 27533782"
"cDC2","Monocytes","Sema4d","Plxnb2",0.0053439996201836,0,"SEMA4D_PLXNB2","Sema4d  - Plxnb2","SEMA4","Cell-Cell Contact","PMID: 27533782"
"Monocytes","Monocytes","Sema4d","Plxnb2",0.00540165218989475,0,"SEMA4D_PLXNB2","Sema4d  - Plxnb2","SEMA4","Cell-Cell Contact","PMID: 27533782"
"Neutrophils (Ccl3+)","Monocytes","Sema4d","Plxnb2",0.00927119849917311,0,"SEMA4D_PLXNB2","Sema4d  - Plxnb2","SEMA4","Cell-Cell Contact","PMID: 27533782"
"Neutrophils (immature)","Monocytes","Sema4d","Plxnb2",0.006805358688033,0,"SEMA4D_PLXNB2","Sema4d  - Plxnb2","SEMA4","Cell-Cell Contact","PMID: 27533782"
"Neutrophils (Siglecf+ TAN)","Monocytes","Sema4d","Plxnb2",0.00743015185313271,0,"SEMA4D_PLXNB2","Sema4d  - Plxnb2","SEMA4","Cell-Cell Contact","PMID: 27533782"
"T cells","Monocytes","Sema4d","Plxnb2",0.00506816490735834,0,"SEMA4D_PLXNB2","Sema4d  - Plxnb2","SEMA4","Cell-Cell Contact","PMID: 27533782"
"mregDC","mregDC","Sema7a","Plxnc1",0.00690788296985278,0,"SEMA7A_PLXNC1","Sema7a  - Plxnc1","SEMA7","Cell-Cell Contact","PMID: 27533782"
"T cells","Monocytes","Thy1","ITGAM_ITGB2",0.0483111500991902,0,"THY1_ITGAM_ITGB2","Thy1  - (Itgam+Itgb2)","THY1","Cell-Cell Contact","PMID: 15850796"
"T cells","Neutrophils (Ccl3+)","Thy1","ITGAM_ITGB2",0.0370716724028938,0,"THY1_ITGAM_ITGB2","Thy1  - (Itgam+Itgb2)","THY1","Cell-Cell Contact","PMID: 15850796"
"T cells","Neutrophils (immature)","Thy1","ITGAM_ITGB2",0.12763763311632,0,"THY1_ITGAM_ITGB2","Thy1  - (Itgam+Itgb2)","THY1","Cell-Cell Contact","PMID: 15850796"
"T cells","Neutrophils (mature)","Thy1","ITGAM_ITGB2",0.0614965267908357,0,"THY1_ITGAM_ITGB2","Thy1  - (Itgam+Itgb2)","THY1","Cell-Cell Contact","PMID: 15850796"
"T cells","Neutrophils (Siglecf+ TAN)","Thy1","ITGAM_ITGB2",0.0598090305371273,0,"THY1_ITGAM_ITGB2","Thy1  - (Itgam+Itgb2)","THY1","Cell-Cell Contact","PMID: 15850796"
"T cells","NK cells","Thy1","ITGAM_ITGB2",0.0526295762628442,0,"THY1_ITGAM_ITGB2","Thy1  - (Itgam+Itgb2)","THY1","Cell-Cell Contact","PMID: 15850796"
"T cells","Alveolar macrophages","Thy1","ITGAX_ITGB2",0.0521166010607086,0,"THY1_ITGAX_ITGB2","Thy1  - (Itgax+Itgb2)","THY1","Cell-Cell Contact","PMID: 15850796"
"T cells","cDC2","Thy1","ITGAX_ITGB2",0.0314005572165898,0,"THY1_ITGAX_ITGB2","Thy1  - (Itgax+Itgb2)","THY1","Cell-Cell Contact","PMID: 15850796"
"T cells","Macrophages (C1q+Trem2+ TAM)","Thy1","ITGAX_ITGB2",0.0574326728082887,0,"THY1_ITGAX_ITGB2","Thy1  - (Itgax+Itgb2)","THY1","Cell-Cell Contact","PMID: 15850796"
"T cells","Neutrophils (Siglecf+ TAN)","Thy1","ITGAX_ITGB2",0.0372619651068961,0,"THY1_ITGAX_ITGB2","Thy1  - (Itgax+Itgb2)","THY1","Cell-Cell Contact","PMID: 15850796"
"T cells","Monocytes","Thy1","Adgre5",0.0882215689280042,0,"THY1_ADGRE5","Thy1 - Adgre5","ADGRE","Cell-Cell Contact","PMID: 31462748"
"T cells","Neutrophils (Ccl3+)","Thy1","Adgre5",0.0184834486929495,0,"THY1_ADGRE5","Thy1 - Adgre5","ADGRE","Cell-Cell Contact","PMID: 31462748"
"T cells","Neutrophils (immature)","Thy1","Adgre5",0.0281314586435599,0,"THY1_ADGRE5","Thy1 - Adgre5","ADGRE","Cell-Cell Contact","PMID: 31462748"
"T cells","Neutrophils (mature)","Thy1","Adgre5",0.0847148605847839,0,"THY1_ADGRE5","Thy1 - Adgre5","ADGRE","Cell-Cell Contact","PMID: 31462748"
"T cells","Neutrophils (Siglecf+ TAN)","Thy1","Adgre5",0.0272970978893558,0,"THY1_ADGRE5","Thy1 - Adgre5","ADGRE","Cell-Cell Contact","PMID: 31462748"
"T cells","NK cells","Thy1","Adgre5",0.0337972441447426,0,"THY1_ADGRE5","Thy1 - Adgre5","ADGRE","Cell-Cell Contact","PMID: 31462748"
"B cells","Monocytes","Cd55","Adgre5",0.022832863498162,0,"CD55_ADGRE5","Cd55 - Adgre5","ADGRE","Cell-Cell Contact","PMID: 31462748"
"B cells","Neutrophils (Ccl3+)","Cd55","Adgre5",0.00452710827762766,0,"CD55_ADGRE5","Cd55 - Adgre5","ADGRE","Cell-Cell Contact","PMID: 31462748"
"B cells","Neutrophils (immature)","Cd55","Adgre5",0.00694169518510247,0,"CD55_ADGRE5","Cd55 - Adgre5","ADGRE","Cell-Cell Contact","PMID: 31462748"
"B cells","Neutrophils (mature)","Cd55","Adgre5",0.0218629599595376,0,"CD55_ADGRE5","Cd55 - Adgre5","ADGRE","Cell-Cell Contact","PMID: 31462748"
"B cells","Neutrophils (Siglecf+ TAN)","Cd55","Adgre5",0.00673145601839155,0,"CD55_ADGRE5","Cd55 - Adgre5","ADGRE","Cell-Cell Contact","PMID: 31462748"
"B cells","NK cells","Cd55","Adgre5",0.00837656311102201,0,"CD55_ADGRE5","Cd55 - Adgre5","ADGRE","Cell-Cell Contact","PMID: 31462748"
"mregDC","mregDC","Flrt3","Flrt3",0.00160117765027137,0,"FLRT3_FLRT3","Flrt3 - Flrt3","FLRT","Cell-Cell Contact","PMID: 27091502"
"Alveolar macrophages","Neutrophils (Ccl3+)","App","Sorl1",0.004502163557656,0,"APP_SORL1","App - Sorl1","APP","Cell-Cell Contact","PMID: 24523320"
"Macrophages (C1q+Trem2+ TAM)","Neutrophils (Ccl3+)","App","Sorl1",0.00433996590308262,0,"APP_SORL1","App - Sorl1","APP","Cell-Cell Contact","PMID: 24523320"
"Neutrophils (immature)","Neutrophils (Ccl3+)","App","Sorl1",0.000924576658937647,0.01,"APP_SORL1","App - Sorl1","APP","Cell-Cell Contact","PMID: 24523320"
"Alveolar macrophages","Neutrophils (immature)","App","Sorl1",0.0232471399208484,0,"APP_SORL1","App - Sorl1","APP","Cell-Cell Contact","PMID: 24523320"
"Macrophages (C1q+Trem2+ TAM)","Neutrophils (immature)","App","Sorl1",0.0224248368437438,0,"APP_SORL1","App - Sorl1","APP","Cell-Cell Contact","PMID: 24523320"
"Neutrophils (immature)","Neutrophils (immature)","App","Sorl1",0.00484661547074361,0.01,"APP_SORL1","App - Sorl1","APP","Cell-Cell Contact","PMID: 24523320"
"Alveolar macrophages","Neutrophils (mature)","App","Sorl1",0.0298371805391154,0,"APP_SORL1","App - Sorl1","APP","Cell-Cell Contact","PMID: 24523320"
"Macrophages (C1q+Trem2+ TAM)","Neutrophils (mature)","App","Sorl1",0.0287886435373038,0,"APP_SORL1","App - Sorl1","APP","Cell-Cell Contact","PMID: 24523320"
"Neutrophils (immature)","Neutrophils (mature)","App","Sorl1",0.00625391949047975,0.01,"APP_SORL1","App - Sorl1","APP","Cell-Cell Contact","PMID: 24523320"
"Alveolar macrophages","Neutrophils (Siglecf+ TAN)","App","Sorl1",0.0087809482743619,0,"APP_SORL1","App - Sorl1","APP","Cell-Cell Contact","PMID: 24523320"
"Macrophages (C1q+Trem2+ TAM)","Neutrophils (Siglecf+ TAN)","App","Sorl1",0.00846591146867879,0,"APP_SORL1","App - Sorl1","APP","Cell-Cell Contact","PMID: 24523320"
"Neutrophils (immature)","Neutrophils (Siglecf+ TAN)","App","Sorl1",0.00180945976139484,0.01,"APP_SORL1","App - Sorl1","APP","Cell-Cell Contact","PMID: 24523320"
"Alveolar macrophages","Macrophages (C1q+Trem2+ TAM)","App","TREM2_TYROBP",0.0166263989298713,0,"APP_TREM2_TYROBP","App - (Trem2+Tyrobp)","APP","Cell-Cell Contact","PMID:27477013"
"Macrophages (C1q+Trem2+ TAM)","Macrophages (C1q+Trem2+ TAM)","App","TREM2_TYROBP",0.0160344417118406,0,"APP_TREM2_TYROBP","App - (Trem2+Tyrobp)","APP","Cell-Cell Contact","PMID:27477013"
"Neutrophils (immature)","Macrophages (C1q+Trem2+ TAM)","App","TREM2_TYROBP",0.00344781060218799,0,"APP_TREM2_TYROBP","App - (Trem2+Tyrobp)","APP","Cell-Cell Contact","PMID:27477013"
"Macrophages (C1q+Trem2+ TAM)","Macrophages (C1q+Trem2+ TAM)","Apoe","TREM2_TYROBP",0.127025900082566,0,"APOE_TREM2_TYROBP","Apoe - (Trem2+Tyrobp)","ApoE","Cell-Cell Contact","uniprot;PMID:27477015"
"Monocytes","Macrophages (C1q+Trem2+ TAM)","Apoe","TREM2_TYROBP",0.069072285854774,0,"APOE_TREM2_TYROBP","Apoe - (Trem2+Tyrobp)","ApoE","Cell-Cell Contact","uniprot;PMID:27477015"
"Monocytes","Monocytes","Ceacam2","Ceacam2",0.00184739141293717,0,"CEACAM2_CEACAM2","Ceacam2 - Ceacam2","CEACAM","Cell-Cell Contact","PMID:21982860"
"Monocytes","Monocytes","Ceacam1","Ceacam2",0.00377127415302433,0,"CEACAM1_CEACAM2","Ceacam1 - Ceacam2","CEACAM","Cell-Cell Contact","PMID:21982860"
"Monocytes","Monocytes","Ceacam1","Ceacam1",0.00768327583671916,0,"CEACAM1_CEACAM1","Ceacam1 - Ceacam1","CEACAM","Cell-Cell Contact","PMID:21982860"
"mregDC","NK cells","Clec2d","Klrb1c",0.0224678732673542,0,"CLEC2D_KLRB1C","Klrb1c - Clec2d","CLEC","Cell-Cell Contact","PMID:24223577"
"Monocytes","Alveolar macrophages","Sirpb1c","Cd47",0.0234518349868615,0,"SIRPB1C_CD47","Sirpb1c - Cd47","SIRP","Cell-Cell Contact","PMID:15294972"
"Neutrophils (immature)","Alveolar macrophages","Sirpb1c","Cd47",0.0325671374199419,0,"SIRPB1C_CD47","Sirpb1c - Cd47","SIRP","Cell-Cell Contact","PMID:15294972"
"Neutrophils (mature)","Alveolar macrophages","Sirpb1c","Cd47",0.0332405993922175,0,"SIRPB1C_CD47","Sirpb1c - Cd47","SIRP","Cell-Cell Contact","PMID:15294972"
"Neutrophils (Siglecf+ TAN)","Alveolar macrophages","Sirpb1c","Cd47",0.0184053053304983,0,"SIRPB1C_CD47","Sirpb1c - Cd47","SIRP","Cell-Cell Contact","PMID:15294972"
"Monocytes","B cells","Sirpb1c","Cd47",0.00762213004725832,0,"SIRPB1C_CD47","Sirpb1c - Cd47","SIRP","Cell-Cell Contact","PMID:15294972"
"Neutrophils (immature)","B cells","Sirpb1c","Cd47",0.0106518251733953,0,"SIRPB1C_CD47","Sirpb1c - Cd47","SIRP","Cell-Cell Contact","PMID:15294972"
"Neutrophils (mature)","B cells","Sirpb1c","Cd47",0.0108771916597016,0,"SIRPB1C_CD47","Sirpb1c - Cd47","SIRP","Cell-Cell Contact","PMID:15294972"
"Neutrophils (Siglecf+ TAN)","B cells","Sirpb1c","Cd47",0.00596115346801826,0,"SIRPB1C_CD47","Sirpb1c - Cd47","SIRP","Cell-Cell Contact","PMID:15294972"
"Monocytes","cDC2","Sirpb1c","Cd47",0.019137318993047,0,"SIRPB1C_CD47","Sirpb1c - Cd47","SIRP","Cell-Cell Contact","PMID:15294972"
"Neutrophils (immature)","cDC2","Sirpb1c","Cd47",0.0266213628451899,0,"SIRPB1C_CD47","Sirpb1c - Cd47","SIRP","Cell-Cell Contact","PMID:15294972"
"Neutrophils (mature)","cDC2","Sirpb1c","Cd47",0.0271753248137912,0,"SIRPB1C_CD47","Sirpb1c - Cd47","SIRP","Cell-Cell Contact","PMID:15294972"
"Neutrophils (Siglecf+ TAN)","cDC2","Sirpb1c","Cd47",0.0150049514577277,0,"SIRPB1C_CD47","Sirpb1c - Cd47","SIRP","Cell-Cell Contact","PMID:15294972"
"Monocytes","Macrophages (C1q+Trem2+ TAM)","Sirpb1c","Cd47",0.00521677047572648,0,"SIRPB1C_CD47","Sirpb1c - Cd47","SIRP","Cell-Cell Contact","PMID:15294972"
"Neutrophils (immature)","Macrophages (C1q+Trem2+ TAM)","Sirpb1c","Cd47",0.00729739784299411,0.03,"SIRPB1C_CD47","Sirpb1c - Cd47","SIRP","Cell-Cell Contact","PMID:15294972"
"Neutrophils (mature)","Macrophages (C1q+Trem2+ TAM)","Sirpb1c","Cd47",0.00745232747404727,0,"SIRPB1C_CD47","Sirpb1c - Cd47","SIRP","Cell-Cell Contact","PMID:15294972"
"Neutrophils (Siglecf+ TAN)","Macrophages (C1q+Trem2+ TAM)","Sirpb1c","Cd47",0.0040778040073455,0,"SIRPB1C_CD47","Sirpb1c - Cd47","SIRP","Cell-Cell Contact","PMID:15294972"
"Monocytes","Monocytes","Sirpb1c","Cd47",0.00941661853333597,0,"SIRPB1C_CD47","Sirpb1c - Cd47","SIRP","Cell-Cell Contact","PMID:15294972"
"Neutrophils (immature)","Monocytes","Sirpb1c","Cd47",0.0131501470711681,0,"SIRPB1C_CD47","Sirpb1c - Cd47","SIRP","Cell-Cell Contact","PMID:15294972"
"Neutrophils (mature)","Monocytes","Sirpb1c","Cd47",0.0134276545136759,0,"SIRPB1C_CD47","Sirpb1c - Cd47","SIRP","Cell-Cell Contact","PMID:15294972"
"Neutrophils (Siglecf+ TAN)","Monocytes","Sirpb1c","Cd47",0.0073674991289628,0,"SIRPB1C_CD47","Sirpb1c - Cd47","SIRP","Cell-Cell Contact","PMID:15294972"
"Monocytes","mregDC","Sirpb1c","Cd47",0.0218474591397824,0,"SIRPB1C_CD47","Sirpb1c - Cd47","SIRP","Cell-Cell Contact","PMID:15294972"
"Neutrophils (immature)","mregDC","Sirpb1c","Cd47",0.0303585557946338,0,"SIRPB1C_CD47","Sirpb1c - Cd47","SIRP","Cell-Cell Contact","PMID:15294972"
"Neutrophils (mature)","mregDC","Sirpb1c","Cd47",0.0309878089991368,0,"SIRPB1C_CD47","Sirpb1c - Cd47","SIRP","Cell-Cell Contact","PMID:15294972"
"Neutrophils (Siglecf+ TAN)","mregDC","Sirpb1c","Cd47",0.0171401107105978,0,"SIRPB1C_CD47","Sirpb1c - Cd47","SIRP","Cell-Cell Contact","PMID:15294972"
"Monocytes","Neutrophils (immature)","Sirpb1c","Cd47",0.00836901628509189,0,"SIRPB1C_CD47","Sirpb1c - Cd47","SIRP","Cell-Cell Contact","PMID:15294972"
"Neutrophils (immature)","Neutrophils (immature)","Sirpb1c","Cd47",0.0116920909610131,0,"SIRPB1C_CD47","Sirpb1c - Cd47","SIRP","Cell-Cell Contact","PMID:15294972"
"Neutrophils (mature)","Neutrophils (immature)","Sirpb1c","Cd47",0.0119392013143937,0,"SIRPB1C_CD47","Sirpb1c - Cd47","SIRP","Cell-Cell Contact","PMID:15294972"
"Neutrophils (Siglecf+ TAN)","Neutrophils (immature)","Sirpb1c","Cd47",0.00654635563403473,0,"SIRPB1C_CD47","Sirpb1c - Cd47","SIRP","Cell-Cell Contact","PMID:15294972"
"Monocytes","Neutrophils (Siglecf+ TAN)","Sirpb1c","Cd47",0.00880799578789131,0,"SIRPB1C_CD47","Sirpb1c - Cd47","SIRP","Cell-Cell Contact","PMID:15294972"
"Neutrophils (immature)","Neutrophils (Siglecf+ TAN)","Sirpb1c","Cd47",0.0123032128870504,0,"SIRPB1C_CD47","Sirpb1c - Cd47","SIRP","Cell-Cell Contact","PMID:15294972"
"Neutrophils (mature)","Neutrophils (Siglecf+ TAN)","Sirpb1c","Cd47",0.0125630750145722,0,"SIRPB1C_CD47","Sirpb1c - Cd47","SIRP","Cell-Cell Contact","PMID:15294972"
"Neutrophils (Siglecf+ TAN)","Neutrophils (Siglecf+ TAN)","Sirpb1c","Cd47",0.00689039553677876,0,"SIRPB1C_CD47","Sirpb1c - Cd47","SIRP","Cell-Cell Contact","PMID:15294972"
"Monocytes","NK cells","Sirpb1c","Cd47",0.00880989107918072,0,"SIRPB1C_CD47","Sirpb1c - Cd47","SIRP","Cell-Cell Contact","PMID:15294972"
"Neutrophils (immature)","NK cells","Sirpb1c","Cd47",0.0123058509364798,0,"SIRPB1C_CD47","Sirpb1c - Cd47","SIRP","Cell-Cell Contact","PMID:15294972"
"Neutrophils (mature)","NK cells","Sirpb1c","Cd47",0.0125657680746431,0,"SIRPB1C_CD47","Sirpb1c - Cd47","SIRP","Cell-Cell Contact","PMID:15294972"
"Neutrophils (Siglecf+ TAN)","NK cells","Sirpb1c","Cd47",0.00689188107077171,0,"SIRPB1C_CD47","Sirpb1c - Cd47","SIRP","Cell-Cell Contact","PMID:15294972"
"Monocytes","T cells","Sirpb1c","Cd47",0.00777780075845014,0,"SIRPB1C_CD47","Sirpb1c - Cd47","SIRP","Cell-Cell Contact","PMID:15294972"
"Neutrophils (immature)","T cells","Sirpb1c","Cd47",0.0108686952298738,0,"SIRPB1C_CD47","Sirpb1c - Cd47","SIRP","Cell-Cell Contact","PMID:15294972"
"Neutrophils (mature)","T cells","Sirpb1c","Cd47",0.01109859868096,0,"SIRPB1C_CD47","Sirpb1c - Cd47","SIRP","Cell-Cell Contact","PMID:15294972"
"Neutrophils (Siglecf+ TAN)","T cells","Sirpb1c","Cd47",0.00608310913611832,0,"SIRPB1C_CD47","Sirpb1c - Cd47","SIRP","Cell-Cell Contact","PMID:15294972"
